,Title
15,Portrait of Benjamin Franklin
20,Apple Blossoms
21,Plaque of George Washington
22,Janet Halleck Drake
23,Orange Branch
24,Pasture at Evening
25,"""King Lear,"" Act I, Scene I"
26,"Leete Farm, West Claremont, New Hampshire"
27,In the Laboratory
28,Geraldine Russell
29,Repose
30,The Ring
31,Study in Black and Green
32,Walt Whitman
33,The Spanish Girl in Reverie
34,A Study from Life [and] Study for Angel Releasing Saint Peter from Prison
35,Philip Van Cortlandt
36,James Topham Brady
37,The Children of Nathan Starr
38,The Way They Live
39,Hudson's Bay Lemming
40,Benjamin Franklin
41,Portrait of Benjamin Franklin
42,Portrait of the Marquis de Lafayette
43,James Badger
44,New York Harbor with Brooklyn Bridge
45,John F. Kensett
46,Mrs. William Loring Andrews
47,American Eagle on Red Scroll
48,Ernesta
49,Ernesta (Child with Nurse)
50,Mr. and Mrs. Anson Phelps Stokes
51,Lake of Orta
52,Mrs. Benjamin Simons
53,Portrait of a Gentleman
54,Children in Woods
55,Portrait of a Lady
56,Two Boys
57,Canadian Rockies (Lake Louise)
58,"Merced River, Yosemite Valley"
59,Mountain Scene
60,"Nevada Falls, Yosemite"
61,"The Rocky Mountains, Lander's Peak"
62,Sea Cove
63,Study of a Tree
64,Sunrise on the Matterhorn
65,Fur Traders Descending the Missouri
66,Mary Sylvester
67,Mrs. David Chesebrough
68,Mrs. Samuel Cutts
69,Samuel Cutts
70,The Boulder and the Flume
71,An Indian Encampment
72,Landscape
73,The Pipe Dance
74,"A Waterfall, Moonlight"
75,"Design for the Washington Centennial Celebration, Souvenir"
76,Luigi Palma di Cesnola
77,The Ameya
78,"View from the Artist's Window, Grove Street"
79,Corn Husking
80,"Seventh Regiment on Review, Washington Square, New York"
81,"Chale, Isle of Wight, Looking Towards the Needles"
82,September Evening
83,On the Thames
84,An Arctic Summer: Boring Through the Pack in Melville Bay
85,Shipwreck off Nantucket (Wreck off Nantucket after a Storm)
86,Emma Homan
87,Marine Landscape
88,"View at Amalfi, Bay of Salerno"
89,Meditation
90,The Music Lesson
91,To Decide the Question
92,Lady with a Dog
93,Portrait of a Young Woman
94,"Spring, Luxembourg Garden"
95,Alan Harriman
96,Henry George
97,In the Garden
98,Mother and Child
99,Early Morning—Venice
100,Eleanor Hardy Bunker
101,Consolation of Ariadne
102,Eurydice Bitten by the Snake
103,"Yankee Point, Monterey"
104,"Un Jardin, Maison Baptiste"
105,"Wall Street, Half Past Two, October 13, 1857"
106,After a Long Cruise
107,Blackfish and Clams
108,The Open Sea
109,Mountain Lake Scene
110,The Cup of Tea
111,Lady at the Tea Table
112,Lydia Crocheting in the Garden at Marly
113,Mother and Child (Baby Getting Up from His Nap)
114,Mother and Child (The Oval Mirror)
115,Mother and Child with a Rose Scarf
116,Portrait of a Young Girl
117,The Last Throw
118,Spring: Margot Standing in a Garden (Fillette dans un jardin)
119,Taking the Census
120,Young Mother Sewing
121,Violin and Bow
122,The Constitution and the Guerriere
123,"Screen: ""Porcupines"" and ""Nightmare"""
124,The Roman Campagna
125,George Washington: Design for an Engraving
126,Adult Funeral Procession
127,Baked Pears in Duane Park
128,Baptism
129,Bathing Party
130,Berg's Ship Yard
131,The Boot Black
132,Bull's Head Tavern
133,Buttermilk Pedlar
134,Chimney Sweeps
135,City Watchman
136,The Dog Killer
137,Fighting a Fire
138,Firemen's Washing Day
139,Fly Market
140,The Garbage Cart
141,Hot Corn Seller
142,House Raising
143,Infant Funeral Procession
144,The Lamp Lighter
145,Militia Drilling
146,Old Ferry Stairs
147,The Sewer
148,Strawberry Pedlar
149,Tea Party
150,Tea Rusk and Brick House
151,Tea water pump
152,The Baker's Wagon
153,At the Seaside
154,Carmencita
155,Edward Guthrie Kennedy
156,Fish
157,For the Little One
158,James Abbott McNeill Whistler
159,Lady in Black
160,Mrs. Chase in Prospect Park
161,Bessie Potter
162,Pink Azalea—Chinese Vase
163,Roland
164,Seventeenth Century Lady
165,Still Life: Fish
166,Houqua
167,The Aegean Sea
168,Heart of the Andes
169,The Parthenon
170,Bay and Harbor of New York from Bedlow's Island
171,Bay and Harbor of New York from Bedlow's Island
172,The Rain
173,The Mountain Ford
174,"View from Mount Holyoke, Northampton, Massachusetts, after a Thunderstorm—The Oxbow"
175,The Titan's Goblet
176,A View near Tivoli (Morning)
177,View on the Catskill—Early Autumn
178,Alexander Stewart Wetherill
179,Mrs. Alfred Q. Collins
180,Egyptian Revival Triptych
181,"Finish—First International Race for America's Cup, August 8, 1870"
182,"The Hill of the Alhambra, Granada"
183,"Spanish Peaks, Southern Colorado, Late Afternoon"
184,Clearing Off
185,James Merrill Cook
186,Mrs. James Merrill Cook
187,Grand Central Station
188,New York from the Harbor Showing the Battery and Castle Garden
189,Daniel Crommelin Verplanck
190,Gulian Verplanck
191,Joseph Sherburne
192,Midshipman Augustus Brine
193,Mrs. Jerathmael Bowers
194,Mrs. John Winthrop
195,Mrs. Sylvanus Bourne
196,The Return of Neptune
197,Richard Dana
198,Samuel Verplanck
199,Watson and the Shark
200,The Peace Pipe
201,Augustus Saint-Gaudens
202,The Harp Player (A Solo)
203,Landscape
204,William Henry Huntington
205,Autumn Uplands
206,"Autumn Landscape, Sugar Loaf Mountain, Orange County, New York"
207,"Pompton Plains, New Jersey"
208,The Valley of Wyoming
209,"View near Sherburne, Chenango County, New York"
210,"Wyoming Valley, Pennsylvania"
211,Skating on the Wissahickon
212,The Cloud
213,Slumbering Fog
214,Heart's Ease
215,Margarette A. Jones
216,The Quartette (Un quatuor)
217,Adventure
218,Artemis
219,Athlete and Dancer
220,Dance—Uplift
221,Exaltation
222,Girdle of Ares
223,Italian Hill Town
224,A Measure of Dreams
225,Unicorns (Legend—Sea Calm)
226,Visions of the Sea
227,August
228,Gooseberries
229,The Wood Cart
230,Sun Shower
231,Green and Gold
232,The Letter
233,Lilac Dress
234,Tobias and the Angel
235,Venus in Atrium
236,Windflowers
237,On the Hudson
238,A River Glimpse
239,Spring Landscape
240,Landscape with Shepherd
241,John Adams Conant
242,Mrs. John Adams Conant
243,Ariadne
244,The Beeches
245,High Point: Shandaken Mountains
246,In the Woods
247,Jonathan Sturges
248,"Landscape—Scene from ""Thanatopsis"""
249,Luman Reed
250,Mrs. Winfield Scott
251,River Scene
252,Summer Afternoon
253,View of New York from New Jersey
254,Boy of the Crossfield Family (Possibly Richard Crossfield)
255,Susannah or Mary Bontecou
256,Red School House (Country Scene)
257,Lady with Fan
258,Mrs. Augustus Jay
259,Portrait of a Lady
260,Arcadia
261,The Artist's Wife and His Setter Dog
262,Carmelita Requena
263,The Chess Players
264,James MacAlister (Sketch)
265,The Champion Single Sculls (Max Schmitt in a Single Scull)
266,Mrs. Mary Arthur
267,Pushing for Rail
268,Signora Gomez d'Arza
269,The Thinker: Portrait of Louis N. Kenton
270,The Writing Master
271,Elijah Boardman
272,Lady Williams and Child
273,Marinus Willett
274,Master Rees Goring Thomas
275,Mrs. Noah Smith and Her Children
276,Mrs. Williams
277,The Alling Children
278,The New Bonnet
279,Samuel Humes
280,Isaac D. Fletcher
281,Andrew Varick Stout
282,Caleb Gasper
283,Mathew B. Brady
284,Mrs. James Clinton Griswold
285,Portrait of the Artist
286,Preston Hodges
287,The Tow Boat Conqueror
288,Calliope
289,Clio
290,Erato
291,Euterpe
292,Melpomene
293,Polyhymnia
294,Terpsichore
295,Thalia
296,Urania
297,Tench Francis
298,The Death of the First Born
299,Egyptian Scene (possibly Moses and Zipporah)
300,Girl of the Bangs-Phelps Family
301,Mark Twain
302,In the Connecticut Hills
303,Still Life with Fruit
304,Alphonso T. Clearwater
305,Henry Clay
306,Summer
307,Woman with a Mirror (Femme qui se mire)
308,Christopher Colles
309,And She Was a Witch
310,Ideal Head of a Boy (George Spencer Fuller)
311,Nydia
312,The Quadroon
313,Sir Casper Purdon Clarke
314,A Difficult Question (Une Question Difficile)
315,Broad Acres
316,"Le Grand Salon, Musée Jacquemart-André"
317,"The Green Lacquer Room, Museo Correr, Venice"
318,The Green Salon
319,William Henry Huntington
320,Near the Coast
321,Isola Bella in Lago Maggiore
322,A Gorge in the Mountains (Kauterskill Clove)
323,Tivoli
324,"Garden Gate, Near Ascain #7"
325,The Green Sofa
326,White Mules on a Bridge
327,A Window at Night
328,"The Celebration of Armistice Day, 1918"
329,Louis Kronberg in His Studio in Copley Hall
330,The Greek Lovers
331,The Pride of the Village
332,The Wages of War
333,"Silver Clouds, Arizona"
334,Charles Loring Elliott
335,The Crossing Sweeper
336,A Bachelor's Drawer
337,Niagara Falls
338,On Hampstead Heath
339,Eunice Harriet Brigham
340,Mrs. Francis Stanton Blake
341,Mrs. Thomas Brewster Coolidge
342,Stephen Van Rensselaer
343,The Artist's Letter Rack
344,The Banker's Table
345,New York Daily News
347,Still Life—Violin and Music
348,Castles in Spain (Chateaux en Espagne)
349,Godesberg
350,Mountain Range
351,Pasture Scene
352,Scene at Napanoch
353,"Seashore, Morning"
354,"Santa Maria della Salute, Sunset"
355,"Avenue of the Allies, Great Britain, 1918"
356,Broadway and 42nd Street
357,The Church at Gloucester
358,"Coast Scene, Isles of Shoals"
359,Golden Afternoon
360,"July Fourteenth, Rue Daunou, 1910"
361,Peach Blossoms—Villiers-le-Bel
362,Spring Morning in the Heart of the City
363,Molly Wales Fobes
364,View of the Bay and City of New York from Weehawken
365,The Trousseau
366,Approaching Thunder Storm
367,Hummingbird and Apple Blossoms
368,Hummingbird and Passionflowers
369,Newburyport Meadows
370,Alexander Van Rensselaer
371,Euphemia White Van Rensselaer
372,Moses Pond
373,Portrait of the Artist
374,The 9:45 Accommodation
375,A Carriage Ride
376,"The North Dutch Church, Fulton and William Streets, New York"
377,"Saint George's Church, New York"
378,Courtlandt Palmer
379,Portrait of a Russian Nobleman (D. C. Imboden)
380,Mrs. Richard Galloway
381,The Falls of Niagara
382,Peaceable Kingdom
383,Mrs. Thomas Hicks
384,"View of Poestenkill, New York"
385,A Study of Trap Rock (Buttermilk Falls)
386,View of Yosemite Valley
387,The Rabbit Hunters
388,Rats amongst the Barley Sheaves
389,Vespers
390,View of the Schuylkill County Almshouse Property
391,"The Beach, Late Afternoon"
392,Camp Fire
393,Cannon Rock
394,Dressing for the Carnival
395,"Eagle Head, Manchester, Massachusetts (High Tide)"
396,The Gulf Stream
397,Harvest Scene
398,Maine Coast
399,"Moonlight, Wood Island Light"
400,Northeaster
401,Prisoners from the Front
402,Rainy Day in Camp
403,Saddle Horse in Farm Yard
404,"Searchlight on Harbor Entrance, Santiago de Cuba"
405,"Shooting the Rapids, Saguenay River"
406,Snap the Whip
407,The Studio
408,"Study for Eagle Head, Manchester, Massachusetts"
409,The Veteran in a New Field
410,George Blumenthal
411,Jerusalem the Golden
412,The Last Moments of John Brown
413,Charles Carroll of Carrollton
414,Morning on the Mountain
415,"Anahita: A Study for ""The Flight of Night"""
416,The Bathers
417,Charles Sumner
418,"Fortune: A Study for ""The Discoverer"""
419,Girl at the Fountain
420,Italian Boy
421,Italian Girl
422,Landscape
423,"Sand Bank with Willows, Magnolia"
424,New York Bay
425,Anna Watson Stuart
426,Cyrus W. Field
427,John David Wolfe
428,Mary Inman
429,Mercy's Dream
430,Mrs. Birdsall Cornell
431,Mrs. Sylvester Dering
432,Nicoll Havens Dering
433,Study in a Wood
434,William C. Prime
435,Little Girl with Flowers (Amelia Palmer)
436,The Flower Girl
437,Mrs. David Cadwallader Colden
438,Mrs. Luman Reed
439,A Gentleman of the Wilkes Family
440,Martin Van Buren
441,William Charles Macready as William Tell
442,The Young Fisherman
443,Autumn Meadows
444,Autumn Oaks
445,The Delaware Valley
446,Delaware Water Gap
447,"Evening at Medfield, Massachusetts"
448,Landscape
449,Peace and Plenty
450,Pine Grove of the Barberini Villa
451,"Spring Blossoms, Montclair, New Jersey"
452,Sunrise
453,Mrs. Adrian Baucker Holmes
454,Alexander Anderson
455,Augustus Washington Clason
456,General Andrew Jackson
457,Mrs. William Thomas
458,Mrs. Robert Dickey (Anne Brown)
459,Robert Dickey
460,"Bayside, New Rochelle, New York"
461,"Near Squam Lake, New Hampshire"
462,"On the Unadilla, New York"
463,"Christmas-Time, The Blodgett Family"
464,Corn Husking at Nantucket
465,A Fisherman
466,The Funding Bill
467,Grover Cleveland
468,The Hatch Family
469,Lewis Einstein
470,The New Bonnet
471,Sanford Robinson Gifford
472,Edward and Sarah Rutter
473,Jacob Hurd
474,Mrs. Jacob Hurd and Child
475,Mrs. Samuel Gardiner
476,Samuel Gardiner
477,The Sisters
478,Autumn
479,Spring
480,Arthur Hoppock Hearn
481,Louise
482,John Grimes
483,On to Liberty
484,Approaching Storm
485,"Yosemite Falls, from Glacier Point"
486,The American Star (George Washington)
487,"Washington Reviewing the Western Army at Fort Cumberland, Maryland"
488,Psyche
489,The Seer
490,"Eaton's Neck, Long Island"
491,A Foggy Sky
492,Gathering Storm on Long Island Sound
493,Hudson River Scene
494,Lake George
495,"Lake George, 1872"
496,"Lake George, A Reminiscence"
497,"Lake George, Free Study"
498,"Lake George, New York"
499,Newport Rocks
500,October in the Marshes
501,"The Old Pine, Darien, Connecticut"
502,Passing off of the Storm
503,Salt Meadow in October
504,The Sea
505,Study of Beeches
506,Summer Day on Conesus Lake
507,Sunset
508,Sunset on the Sea
509,Sunset Sky
510,"Twilight in the Cedars at Darien, Connecticut"
511,"Twilight on the Sound, Darien, Connecticut"
512,Ivory-billed Woodpeckers
513,Charles Henry Augustus Carter
514,Rosa Bonheur
515,Portrait of a Lady
516,Self-portrait
517,"Autumn Study, View over Hanging Rock, Newport, R.I."
518,The Muse of Painting
519,Portrait of the Painter
520,Roses
521,Side of a Greenhouse
522,The Golden State Entering New York Harbor
523,Stage Fort across Gloucester Harbor
524,The Basket Maker
525,The Meadows
526,The Bronx River
527,Henry Inman
528,Joseph W. Drexel
529,Self-portrait
530,Amory Sibley Carhart
531,William Cullen Bryant
532,Washington Crossing the Delaware
533,Worthington Whittredge
534,The Old Factory
535,William Popham
536,Patrick Cardinal Hayes
537,Peonies
538,John Quincy Adams Ward
539,Aurora
540,Auguste Rodin
541,The Daughter's Return
542,Madonna of Giverny
543,May Suydam Palmer
544,Self-portrait
545,On the Old Sod
546,Jeremiah Platt
547,"Behind Dunes, Lake Ontario"
548,Old Manor of Criqueboeuf
549,View on the Seine: Harp of the Winds
550,Afternoon among the Cypress
551,"Old Annapolis, Francis Street"
552,In Strange Seas
553,Saturday Afternoon
554,"Old Brewery, Five Points Mission, New York"
555,In the Studio (Gari Melchers and Hugo Reisinger)
556,Madonna
557,Hillside Pastures—September
558,The North Country
559,A Cosey Corner
560,Appraisement
561,A Discussion
562,Sculptor's Studio
563,Henry Clay
564,Flowers of the Field
565,The National Academy Jury of 1907
566,Marine
567,Lake Como
568,The Teton Range
569,De Witt Clinton
570,Mrs. Daniel DeSaussure Bacot
571,Susan Walker Morse (The Muse)
572,Just Moved
573,Job Perit
574,Sally Sanford Perit
575,Catherine Brooks Hall
576,Cider Making
577,Gideon Tucker
578,Great-Grand-Father's Tale of the Revolution—A Portrait of Reverend Zachariah Greene
579,Long Island Farmhouses
580,Martin Euclid Thompson
581,Mrs. Gideon Tucker
582,The Raffle (Raffling for the Goose)
583,Harem Scene
584,Landscape
585,The Old Barn
586,The Mission Tent
587,A North River Recreation Pier
588,Street Group
589,John Haviland
590,The Fortune Teller
591,Hagar and Ishmael
592,Madonna and Child and Little Saint John
593,The Jade Pool
594,Shifting Shadows
595,Snow Mountain
596,Daughter of William Page (Possibly Anne Page)
597,Daughter of William Page (Probably Mary Page)
598,Silent Dawn
599,Mrs. Warren Rogers
600,The Errant Pan
601,The Great Abyss
602,Tea Leaves
603,Elie Williams
604,George Washington
605,Margaret Strachan (Mrs. Thomas Harwood)
606,Mrs. Samuel Mifflin and Her Granddaughter Rebecca Mifflin Francis
607,Portrait of a Gentleman
608,Portrait of a Woman
609,Samuel Mifflin
610,Thomas Willing
611,George Washington
612,Martha Stewart Wilson
613,Still Life: Balsam Apple and Vegetables
614,Still Life with Cake
615,George Washington
616,George Washington
617,John Johnston
618,The Marquis de Lafayette
619,Martha Washington
620,The Arab Jeweler
621,The Raymond Children
622,Talking It Over
623,The True American
624,Office Board
625,The Old Cremona
626,Old Souvenirs
627,Mrs. Mayer and Daughter
628,Philip Slade
629,Thomas Storm
630,Dr. Stephen Smith
631,Banks of the Loing
632,Landscape
633,The Daughters of Daniel T. MacFarlan
634,Kate Lyon Cornell
635,Mr. and Mrs. Daniel T. MacFarlan
636,George Washington
637,"Joseph Howell, Jr."
638,The Oak Door
639,The American School
640,Cadwallader Colden and His Grandson Warren De Lancey
641,Mrs. Peter De Lancey
642,Annie Sargent Jewett
643,Annie Sargent Jewett
644,Beach No. 3
645,Central Park
646,Group of Figures
647,Portrait of a Girl with Flowers
648,Leatherstocking's Rescue
649,The Vigilant Stuyvesant's Wall Street Gate
650,Fruit with Blue-footed Bowl
651,"High Bridge, New York"
652,Spring Woods
653,"Berks County Almshouse, 1880"
654,Overlooking the Valley
655,Fleur de Lis
656,Pitched It Sheer into the River . . . Where It Still Is Seen in the Summer
657,On the Southern Plains
658,Indian Summer
659,"Near Land's End, Cornwall"
660,New Jersey Beach
661,Surf on Rocks
662,Underneath Niagara Falls
663,A Bird's-Eye View
664,The Old Mill (Vieux Moulin)
665,Still Life: Flowers and Fruit
666,Still Life: Fruit
667,"Washington and Lafayette at Mount Vernon, 1784 (The Home of Washington after the War)"
668,Under a Cloud
669,The Bridge
670,Curfew Hour
671,The Forest of Arden
672,Landscape
673,Moonlight Marine
674,The Smugglers' Cove
675,The Toilers of the Sea
676,"Mt. Mansfield, Vermont"
677,George P. Putnam
678,Stephen Whitney Phoenix
679,"The Custom House at Greenock, Scotland"
680,Ada Rehan
681,Alpine Pool
682,Astarte
683,"The Balcony, Spain [and] Two Nude Bathers Standing on a Wharf"
684,Bringing Down Marble from the Quarries to Carrara
685,"Cliffs at Deir el Bahri, Egypt"
686,"Courtyard, Tétouan, Morocco"
687,Edward Robinson
688,Egyptian Woman
689,Egyptian Woman with Earrings
690,Egyptians Raising Water from the Nile
691,Gitana
692,Henry G. Marquand
693,The Hermit (Il solitario)
694,Lady with the Rose (Charlotte Louise Burckhardt)
695,Landscape with Goatherd
696,Madame X (Madame Pierre Gautreau)
697,A Male Model Standing before a Stove
698,Mannikin in the Snow
699,Moorish Buildings in Sunlight
700,Moorish Buildings on a Cloudy Day
701,Mr. and Mrs. I. N. Phelps Stokes
702,Mrs. Henry Galbraith Ward
703,"Open Doorway, Morocco"
704,Padre Sebastiano
705,"Philosophy: A Preparation for the Mural in the Museum of Fine Arts, Boston"
706,Reapers Resting in a Wheat Field
707,"Science: A Preparation for the Mural in the Museum of Fine Arts, Boston"
708,Santa Sofia
709,Betty Gallowhur (Betty Newell)
710,Spanish Landscape
711,A Spanish Madonna
712,Studies of a Dead Bird
713,Two Arab Women
714,Two Girls on a Lawn
715,Two Girls with Parasols
716,Tyrolese Interior
717,"White Walls in Sunlight, Morocco"
718,"William M. Chase, N. A."
719,"The Wyndham Sisters: Lady Elcho, Mrs. Adeane, and Mrs. Tennant"
720,The Third Avenue Railroad Depot
721,"Sand Dunes near Lelant, Cornwall, England"
722,In Hot Pursuit
723,My Bunkie
724,Portrait of a Lady (possibly Tryntje Otten Veeder)
725,Levi Hale Willard
726,Jungle Tales (Contes de la Jungle)
727,Magnolia
728,The Deluge towards Its Close
729,Midnight
730,In Mischief
731,Francis Brinley
732,Hannah Pemberton
733,Mrs. Francis Brinley and Her Son Francis
734,Nathaniel Byfield
735,East Hampton Meadows
736,Landscape with Waterfall and Figures
737,Mary Ann Garrits
738,"Celery, Cock, and Bowl"
739,Jonathan Dwight
740,The Parthenon
741,John and Louisa Stock
742,Mary Cadwalader Rawle
743,Alexander Stuart Murray
744,Portrait of the Artist
745,Albert Gallatin
746,Commodore Isaac Hull
747,"David Sears, Jr."
748,George Heathcote
749,George Washington
750,George Washington
751,Henry Rice
752,Horatio Gates
753,James Monroe
754,John R. Murray
755,Josef de Jaudenes y Nebot
756,Joseph Anthony Jr.
757,"Louis-Marie, Vicomte de Noailles"
758,Man in a Green Coat
759,Matilda Stoughton de Jaudenes
760,Matthew Clarkson
761,Mrs. Andrew Sigourney
762,Mrs. Joseph Anthony Jr. (Henrietta Hillegas)
763,Portrait of the Artist
764,Thomas Smith
765,Washington Allston
766,William Kerin Constable
767,Macomb's Dam Hotel
768,John Finley
769,Major John Biddle
770,Mother and Son
771,Mrs. Huges
772,"Mrs. James Montgomery, Jr."
773,Mrs. John Biddle (Eliza Falconer Bradish)
774,Mrs. Katherine Matthews
775,Musidora
776,Portrait of the Artist
777,Queen Victoria
778,Child Asleep (The Rosebud)
779,Sarah Annis Sully (Mrs. Thomas Sully)
780,The Student
781,William Gwynn
782,George Washington
783,An Opalescent River
784,In the House of Matthew
785,John La Farge
786,Deer—Sketch from Nature
787,Doe and Two Fawns
788,On Point
789,"On the Qui Vive, Buck and Three Does"
790,Rabbits on a Log
791,Return of the Redwing
792,Across the Room
793,Still Life: Vase of Peonies
794,Mrs. William F. Milton
795,"Winter Sunrise, Monadnock"
796,Young Woman
797,Gabriel Manigault
798,John Dart
799,Mrs. Gabriel Manigault
800,Mrs. John Dart
801,Mrs. S. Seymour Thomas
802,"Old Bruton Church, Williamsburg, Virginia, in the Time of Lord Dunmore"
803,Mrs. Cephas Thompson (Olivia Leonard)
804,Spring
805,The Belated Party on Mansfield Mountain
806,Song of the Waters
807,Summer Flowers
808,"The U. S. Ship Franklin, with a View of the Bay of New York"
809,"Snake Charmer at Tangier, Africa"
810,The Etcher
811,Trappers
812,Alexander Hamilton
813,George Washington and William Lee
814,George Washington before the Battle of Trenton
815,Giuseppe Ceracchi
816,John Murray
817,Mrs. John Murray
818,The Sortie Made by the Garrison of Gibraltar
819,Thomas Jefferson
820,Thomas Mifflin
821,Dawn—Early Spring
822,"Evening, New Bedford Harbor"
823,Moonlight
824,Moonrise at Sunset
825,Blue and Gold
826,Headland
827,Interior
828,Winter at Portland
829,Arques-la-Bataille
830,Horseneck Falls
831,Waterfall
832,Glass Blowers of Murano
833,After the Storm
834,The Ark
835,Autumn Meadows
836,Bay and Harbor from near Fort Castle William
837,Black Hawk
838,Boy with a Fawn
839,"Burning of the ""Factories"" in Canton"
840,Burning of the Sidewheeler Henry Clay
841,Chinese Seaport
842,The Claremont
843,Commodore Hopkins
844,David Clarkson
845,The Deer Hunt
846,Portrait of a Man
847,Family Group of Four on Sofa
848,George Washington
849,George Washington
850,Harbor Scene
851,Harbor Scene
852,Portrait of a Gentleman in a Carriage
853,Hudson House
854,The Hunting Party—New Jersey
855,The Williamson Family
856,John Hancock
857,John Walsh
858,Landscape and Figures
859,Liberty
860,Liberty
861,Boy with Blond Hair
862,Portrait of a Little Girl Picking Grapes
863,Marine
864,Martha Bartlett with Kitten
865,Memorial to Jane Amanda Fenn
866,Miss Foote
867,"Mr. Clark of Chester, New York"
868,Nourmahal
869,The Old Oaken Bucket which Hung in the Well
870,Hunting Scene
871,Pater Patriae
872,Perry's Victory
873,The Plantation
874,Study in Black and Green (Oil Sketch)
875,Portrait of a Lady (Possibly Hannah Stillman)
876,Portrait of a Man
877,Portrait of a Man
878,"Portrait of a Woman, Called Maria Taylor Byrd"
879,Woman with a Muff
880,Portrait of a Man
881,Robert Monckton
882,Sarah Cornell Clarkson (Mrs. William Richmond)
883,Seascape Fantasy
884,"The Ship ""John W. Brewer"""
885,Still Life—Flowers and Fruit in White and Pink Bowl
886,Henry Irving as Philip II of Spain
887,Tobacco Sign
888,United States and Macedonian
889,View of New York from New Jersey
890,"View of the Battery, New York"
891,View of New York from Weehawken
892,View of the Harbor at Canton
893,Washington's Triumphal Entry into New York
894,William Conklin
895,Woodland Vista
896,The Calumny of Apelles
897,Egbert Benson
898,Francis Lucas Waddell
899,John A. Sidell
900,"Mrs. Marinus Willett and Her Son Marinus, Jr."
901,Panoramic View of the Palace and Gardens of Versailles
902,Portrait of the Artist
903,Young Lady with a Rose
904,The African Sentinel
905,The Cup of Love
906,Cypress and Poppies
907,Greek Girls Bathing
908,Lair of the Sea Serpent
909,The Lost Mind
910,The Pleiades
911,Felix Adler
912,The Bridge at Grez
913,La Mere Adele (Cordon Bleu)
914,Elbert Henry Gary
915,"Harlem Bridge, New York"
916,Edward Kellogg
917,General Andrew Jackson
918,Henry La Tourette de Groot
919,The Knapp Children
920,Matthew Clarkson
921,Mrs. Edward Kellogg
922,Mrs. George Pine
923,Mrs. Samuel L. Waldo
924,"Old Pat, the Independent Beggar"
925,Portrait of a Girl with Flowers
926,Portrait of a Lady (Possibly of the Buloid Family)
927,Portrait of a Man
928,The Reverend John Brodhead Romeyn
929,Self-portrait
930,New York Bay and Harbor
931,A Morning Vision
932,The Harrower
933,Entrance Hall of the Metropolitan Museum of Art when in Fourteenth Street
934,Interior View of the Metropolitan Museum of Art when in Fourteenth Street
935,Coming Events Cast Their Shadows Before
936,The Coppersmith
937,The Celebration of the Mass
938,The Passing of Summer
939,The Roaring Forties
940,Wild Weather
941,The Rajah Starting on a Hunt
942,"The Alhambra, Granada, Spain"
943,Forging the Shaft
944,The Morning Paper
945,Connecticut Village (Going to School)
946,The Factory Village
947,Fruit
948,The Green Bodice
949,Idle Hours
950,The Red Bridge
951,General Winfield Scott
952,"Letitia (Mrs. Wentworth, Sr.)"
953,George Washington
954,The Damsel and Orlando
955,Hagar and Ishmael
956,Moses Shown the Promised Land
957,"Omnia Vincit Amor, or The Power of Love in the Three Elements"
958,Sarah Ursula Rose
959,"Arrangement in Black, No. 3: Sir Henry Irving as Philip II of Spain"
960,Arrangement in Black: Girl Reading
961,Arrangement in Flesh Colour and Black: Portrait of Theodore Duret
962,"Cremorne Gardens, No. 2"
963,Edward Guthrie Kennedy
964,Harmony in Yellow and Gold: The Gold Girl—Connie Gilchrist
965,Nocturne in Green and Gold
966,The Antiquary
967,The Camp Meeting
968,Evening in the Woods
969,The Trout Pool
970,George A. Hearn
971,Lemuel Maynard Wiles
972,"Portrait of a Boy, Probably of the Crossfield Family"
973,Cadwallader Colden
974,Joseph Reade
975,Mrs. Cadwallader Colden
976,Mrs. Joseph Reade
977,William Axtell
978,Thomas Macdonough
979,A Bit of War History: The Veteran
980,A Bit of War History: The Contraband
981,A Bit of War History: The Recruit
982,Still Life: Peaches and Grapes
983,"Still Life: Peaches, Apple, and Pear"
984,"Broad, Silent Valley"
985,Glimpse of the Sea
986,An Old Clearing
987,Tennessee
988,View in County Kerry
989,Convent near Rome
990,"Pulpit in Saint Mark's, Venice"
991,Sunset
992,Study from Nature
993,A Street in Ikao
994,Dr. John Wakefield Francis
995,An Incident of Whaling
996,Off Greenland—Whaler Seeking Open Water
997,From Shifting Shade
998,Mrs. Charles Cummings (Rebecca Pittard)
999,Lilacs in a Window (Vase de Lilas a la Fenetre)
1000,Arques-la-Bataille
1001,Mayfair
1002,The Albany Boat
1003,Canton Waterfront (The Hongs at Canton)
1004,Night Clouds and Star Dust
1005,Esther Boardman
1006,William Merritt Chase
1007,The Contest for the Bouquet: The Family of Robert Gordon in Their New York Dining-Room
1008,"Shadows, Spuyten Duyvil Hill"
1017,"The Fable of the Miller, His Son, and the Donkey No. 9"
1018,Gentleman of the Hale Family
1019,"Shore at Orient, Long Island"
1020,Benjamin West (fragment from a portrait)
1021,Benjamin West
1022,Mrs. Ethel Cushing
1023,Sarra de Peyster
1024,The Pink Sash
1025,Queen Victoria
1026,View from Staten Island
1027,The Water Garden
1028,"Celia Thaxter's Garden, Isles of Shoals, Maine"
1029,A Rose
1030,Woman Reading
1031,San Gimignano
1032,"Surf, Isles of Shoals"
1033,Picnic by the Inlet
1034,Study for Portrait of Mrs. Anna E. Little
1035,Mrs. Hugh Hammersley
1036,Conversation Piece
1037,Women's Art Class
1038,George Washington
1039,Still Life with Fruit
1040,Still Life with Ewer and Fruit
1041,Still Life with Grapes
1042,Michael Angelo and Emma Clara Peale
1043,Gulian Verplanck
1044,Fair Critics
1045,The Temptation of Eros
1046,The Victory of Eros
1047,The Hubbell Children
1048,Captain John Gell
1049,Venetian Summer
1050,The Brook in the Woods
1051,Winter in Union Square
1052,Henry G. Stebbins
1053,Flight Into Egypt
1054,Elizabeth Greenleaf
1055,John Greenleaf
1056,"Study for ""Christ at the Home of Lazarus"""
1057,Portrait of a Lady
1058,Rip Van Winkle
1059,Preparatory sketch for the Snake Charmer at Tangiers
1060,Painting of an exotic flower
1061,Oil Study of Hindu Iconography
1062,Portrait of a Lady and Child
1063,Ellen Vanderpoel McCoy
1064,River Landscape
1065,"Bouquet Valley, Adirondack Mountains"
1066,"Hook Mountain, Hudson River"
1067,Landscape with Cows Watering in a Stream
1068,General George Eliott
1069,Lake George and the Village of Caldwell
1070,Lake George
1072,Still Life with Strawberries in a Compote
1073,Denise at Her Dressing Table
1074,Landscape with Cows
1075,Catherina Elmendorf
1076,John Shaw
1077,The Family of John Q. Aymar
1078,John Taylor Johnston
1079,Augustus Saint-Gaudens
1080,Metropolitan Tower
1081,Benjamin Altman
1082,Repairing the Bridge
1083,The Spanish Gypsy
1084,Winter
1085,Claremont Avenue
1086,"Swan Pond, Bellport, Long Island"
1087,F. Ambrose Clark
1088,"Port Cochere at 39 Elm Street, Worcester, Mass."
1089,Swimming Party
1090,"Turkish Fountain with Garden (from Louis C. Tiffany Estate, Oyster Bay)"
1091,Hudson at Newburgh
1092,Portrait of a Girl
1093,"Central Park, Winter"
1094,London Music Hall
1095,The Old Duchess
1096,"Dust Storm, Fifth Avenue"
1097,Celia's Arbor
1098,"Interior, Evening"
1099,Senator Elihu Root
1101,The Lafayette
1102,Robert W. de Forest
1103,Delaware Water Gap Village
1104,William Sloane Coffin
1105,"Landscape, Binghamton, New York"
1106,The Gamblers
1107,Abandoned
1108,Harbor at Tangier
1109,The Haunted House
1110,The Green Car
1111,The Jitney
1112,Bird by the Sea
1113,Delaware Water Gap Village
1114,Thanksgiving Turkey
1115,Dutch Girl in White
1116,Nastasya Burns the Money
1117,Boy with Baseball
1118,The Sewing Woman
1119,Susan Metcalf Casals
1120,Mary Fanton Roberts
1121,The Masquerade Dress
1122,Paris Night
1123,"Amory S. Carhart, Jr."
1124,"Sailing at Moonlight, Samoa"
1125,Farmhouse
1126,Landscape
1127,Crowd at the Seashore
1128,John
1129,Harlem River
1130,Boy with Violin
1131,Spanish Music Hall
1132,The Green Dance Dress
1133,Birthplace of the Artist
1134,New York at Night
1135,Samoa
1136,Tragedy of the Sea
1137,From My Studio Window
1138,"The Monongahela River Valley, Pennsylvania"
1139,The Old Elm
1140,Fishermen
1141,Fern and Peonies
1142,Bain de Soleil
1143,"Low Tide, Riverside Yacht Club"
1144,Self-Portrait
1145,A Family Group
1146,Reynold Keen
1147,Christiana Stille Keen
1148,James DeLancey
1149,Story of Golden Locks
1150,Children with Goat
1151,"Evening at the Lock, Napanoch, New York"
1152,Portrait of William Duguid
1153,Beach Scene
1154,"Sketch for View from Mount Holyoke, Northampton, Massachusetts, after a Thunderstorm (The Oxbow)"
1155,The Thomas Hunt and the America
1156,Willow Pond
1157,Preparing for Christmas (Plucking Turkeys)
1158,Moving Day (in Little Old New York)
1159,Court Room Scene
1160,The Five Points
1161,Reading the News
1162,Alexander Hamilton
1163,Young Husband: First Marketing
1164,Henry L. Clark and John W. Clark
1165,Double Portrait of John Somes Dolliver and William Collins Dolliver
1166,Clouds
1167,Portrait of Frieseke
1168,"Portrait of Walter Devereux (1539–1576), First Earl of Essex"
1169,"Portrait of Duke Johann Friedrich I (1503-1554), Elector of Saxony"
1170,"Giovanni Battista Rota, Member of the Rota Family of Venice"
1171,Portrait of a Man in Armor
1172,"Guidobaldo II della Rovere, Duke of Urbino (1514–1574), With his  Armor by Filippo Negroli"
1173,Portrait of Major-General John E. Wool
1174,"Luigi III, Prince of Venosa"
1175,明  佚名  婦女肖像 圖   鏡面|Portrait of a Lady
1177,松に鷹図大津絵|Ōtsu-e of Falcon on a Pine Tree
1178,近代  關良  戲劇人物  軸|Opera Figure
1306,清  佚名   滿清官員像     軸|Portrait of a Manchu Official
1307,"月に兎・牡丹・立葵図|Rabbits under the Moon, Peonies, and Hollyhocks"
1308,能面図・般若|Noh Mask of a Demoness (Hannya)
1309,能面図・朝倉尉|Noh Mask of an Old Man (Asakurajō)
1310,清  虛谷  菊花  軸|Chrysanthemum
1311,近代  吳昌碩  烹茶圖  橫軸|Brewing Tea
1312,近代  范曾  老子  軸|Laozi
1339,竹に翡翠図|Kingfisher and Bamboo
1341,方便法身尊影|Amida Manifesting in the Dharma-body of Expedient Means
1344,虞子君図 (Gushigimi zu)|Consort Yu
1345,楊貴妃図 (Yō Kihi zu)|Yang Guifei
1480,永遠的路|Distant Road
1481,Berthe David-Weill
1482,Classical design
1483,Classical design
1484,Pygmalion and Galatea as Infants
1485,Flowers in a Blue Vase
1486,Classical Landscape with Gypsies
1487,Three dancing nymphs and a reclining cupid in a landscape
1488,Saint Lucy
1489,Virgin of the Rosary with Dominican Saints and Donor
1490,El Niño de Atocha
1491,The Virgin of Sorrows
1492,Saint Jerome
1493,The Trinity
1494,Nuestra Señora de los Desamparados (Our Lady of the Forsaken)
1495,"Chelsea Embankment, London"
1496,Girl Standing
1497,Madame Lucie Dreyfus Sortant de la Prison de Rennes
1498,[Construction Site]
1499,[Shack and Wagon Behind Fence]
1500,[Red Building in Field]
1501,"[Barn with Porch Addition, Old Lyme, Connecticut]"
1502,[Architectural Interior]
1503,[Boat with Palm Trees on Shore]
1505,[Seashore Scene with Boardwalk]
1506,[Shack with Broken Windows]
1507,[White Flat-Roofed House with Palm Trees]
1508,[Ship's Prow]
1509,[Landscape with Adobe Church]
1510,[Red Church]
1511,[Three Director's Chairs]
1512,The Shell House
1513,"Anna Maria, Florida"
1514,[Portrait of Walker Evans]
1515,"Le Salon de Walker Evans, 1666 York Avenue, New York"
1516,Border #8
1518,Butane
1519,Harmol
1520,Rock Painting
1521,Painting
1522,Bark Painting
1523,Painting
1524,Asmat Artisan
1525,"Painting by Lunda Hoye Gill, ""Asmat Chief"""
1526,Painting
1527,Painting
1528,Painting
1529,Painting
1530,Painting
1531,Painting
1532,Painting
1533,Painting
1535,"Design for Small Silver Ornaments: A Branched Candlestick, a Violin, a Small Table, a Woman Beside a Tree and a Man Pushing a Woman on a Swing"
1536,Lady Dashwood and Her Son
1537,"Kenneth Callahan painting on cardboard, 1947"
1538,Flora and Zephyr
1539,Saint Alexander
1540,The Crucifixion
1541,The Nativity
1542,The Nativity
1543,Christ Crowned with Thorns
1544,Portrait of a Young Man
1545,Madonna and Child
1546,Portrait of a Married Couple (Lorenz Kraffter and Honesta Merz?)
1547,Ivan Rodin
1548,Family Group in a Landscape
1549,Leda and the Swan
1550,Madonna and Child
1551,Old Woman in an Armchair
1552,Portrait of an Old Woman
1553,"Portrait of a Man, Possibly a Botanist"
1554,Boatmen of Barcelona
1555,Saint John on Patmos
1556,Madonna and Child
1557,A Footman Sleeping
1558,A Bashi-Bazouk
1559,Madonna and Child with the Young Saint John the Baptist
1560,Portrait of a Man
1561,Saint Dominic Resuscitating Napoleone Orsini
1562,Saint Thomas Aquinas Aided by Saints Peter and Paul
1563,Joan of Arc
1564,Diana and Cupid
1565,Portrait of a Young Man
1566,Porte de la Reine at Aigues-Mortes
1567,In the Sun
1568,Edward Miles (1752–1828)
1569,"George IV (1762–1830), When Prince of Wales"
1570,Portrait of a Woman
1571,"Skating at Sloten, near Amsterdam"
1572,Chancellor Leonhard von Eck (1480–1550)
1573,Madonna Adoring the Sleeping Child
1574,Madonna and Child
1575,Madonna and Child with Saints
1576,The Circumcision
1577,Madonna and Child
1578,Madonna and Child
1579,Pirna: The Obertor from the South
1580,Vaprio d'Adda
1581,Project for a Room for King Ludwig II (1854–1886) of Bavaria
1582,Judith
1583,"Madame Philippe Panon Desbassayns de Richemont (Jeanne Eglé Mourgue, 1778–1855) and Her Son, Eugène (1800–1859)"
1584,The Lamentation
1585,"Sunday at the Church of Saint-Philippe-du-Roule, Paris"
1586,A Windy Day on the Pont des Arts
1587,Rest
1588,The Assumption of the Virgin
1589,"The Twelve Apostles: Saints Bartholomew, Andrew, Matthew, James the Greater, Thaddeus, Philip, James the Lesser, Simon, Peter, Paul, Thomas, and John"
1590,Madonna and Child
1591,Madonna and Child with Angels
1592,Still Life with Lobster and Fruit
1593,Portrait of a Young Man
1594,Scenes from the Story of the Argonauts
1595,The Story of Joseph
1596,A Young Woman and a Cavalier
1597,The Angel Appearing to Zacharias
1598,Angelica and Medoro
1599,The Outer Harbor of Brest
1600,The Temptation of Saint Anthony
1601,Moses Striking the Rock
1602,Madonna and Child
1603,Island of the Dead
1604,Roman Landscape
1605,Portrait of a Man
1606,Portrait of a Woman
1607,Portrait of a Woman
1608,Petronella Elias (1648–1667) with a Basket of Fruit
1609,Gossip
1610,"Mrs. Charles Warren-Cram (Ella Brooks Carter, 1846–1896)"
1611,"Consuelo Vanderbilt (1876–1964), Duchess of Marlborough, and Her Son, Lord Ivor Spencer-Churchill (1898–1956)"
1612,The Dispatch-Bearer
1613,Environs of Fontainebleau: Woodland and Cattle
1614,The Horse Fair
1615,Weaning the Calves
1616,A Limier Briquet Hound
1617,The Legend of the Infant Servius Tullius
1618,Madonna and Child with Saints
1619,Roadside Halt
1620,Roman Girl at a Fountain
1621,John Taylor Johnston (1820–1893)
1622,An Egyptian Peasant Woman and Her Child
1623,The Disillusioned Medea
1624,Curiosity
1625,Portrait of a Seated Man
1626,The Van Moerkerken Family
1627,A Woman Playing the Theorbo-Lute and a Cavalier
1628,A Young Woman at Her Toilet with a Maid
1629,Portrait of a Man in Armor with Two Pages
1630,Barnyard Scene
1631,The Adoration of the Magi
1632,Christ's Descent into Hell
1633,The Departure of Saints Paula and Eustochium for the Holy Land
1634,The Last Communion of Saint Jerome
1635,Three Miracles of Saint Zenobius
1636,Madonna and Child with Two Angels
1637,The Coronation of the Virgin
1638,Madonna and Child Enthroned with Saints and Angels
1639,Saint Sebastian
1640,Imaginary Landscape with the Palatine Hill from Campo Vaccino
1641,The Interrupted Sleep
1642,Allegory of Autumn
1643,Allegory of Lyric Poetry
1644,Angelica and Medoro
1645,The Dispatch of the Messenger
1646,Virgin and Child with the Young Saint John the Baptist and Angels
1647,Shepherd's Idyll
1648,Washerwomen
1649,"Jupiter, in the Guise of Diana, and Callisto"
1650,On the Beach at Trouville
1651,Beaulieu: The Bay of Fourmis
1652,Village by a River
1653,Young Mother Gazing at Her Child
1654,The Proposal
1655,Breton Brother and Sister
1656,The Baptism of Christ
1657,A Classical Landscape
1658,Portrait of a Young Boy
1659,Head of Saint John the Baptist on a Charger
1660,The Man of Sorrows
1661,Virgin and Child
1662,The Mourning Virgin; The Man of Sorrows
1663,Virgin and Child
1664,Virgin and Child
1665,Virgin and Child
1666,Madonna and Child
1667,The Judgment of Solomon
1668,The Preaching of John the Baptist
1669,The Spinner
1670,Sentimental Conversation
1671,The Weeders
1672,A Peasant Girl Knitting
1673,Kynance
1674,Joseph Interpreting the Dreams of Pharaoh
1675,Sir John Shurley of Isfield (1565–1632)
1676,Portrait of a Woman
1677,"Mary, Queen of Scots, with Her Son, James"
1678,Tottenham Church
1679,Portrait of a Young Man
1680,Cosimo I de' Medici (1519–1574)
1681,Katharina Merian
1682,A Peasant with a Bird
1683,A Peasant Woman Picking Fleas off a Dog
1684,The Smokers
1685,The Brawl
1686,The Harvesters
1687,A Woodland Road with Travelers
1688,Aeneas and the Sibyl in the Underworld
1689,A Basket of Flowers
1690,The Crucifixion with the Virgin and Saint John
1691,Portrait of a Man
1692,Portrait of a Woman
1693,Portrait of a Woman of the Slosgin Family of Cologne
1694,The Annunciation
1695,Adam; Eve
1696,Madonna and Child Enthroned with Saints Mary Magdalen and John the Baptist
1697,The Love Song
1698,Echo
1699,Catharine Lorillard Wolfe (1828–1887)
1700,The Birth of Venus
1701,Florentine Poet
1702,Herodias
1703,Portrait of a Woman
1704,Man in Prayer
1705,Virgin and Child in an Apse
1706,Piazza San Marco
1707,A State Yacht and Other Craft in Calm Water
1708,Winter Scene
1709,The Musicians
1710,"Saint Vincent, Patron Saint of Lisbon"
1711,The Birth of the Virgin
1712,"Mrs. William Astor (Caroline Webster Schermerhorn, 1831–1908)"
1713,The Meditation on the Passion
1714,Two Children Teasing a Cat
1715,The Coronation of the Virgin
1716,The First Communion
1717,Self-Portrait
1718,Landscape with a Cave
1719,Cavalier and Shepherd
1720,The Adoration of the Shepherds
1721,Portrait of a Venetian Senator
1722,Saint Catherine of Alexandria
1723,The Route Nationale at Samer
1724,Saint Catherine Disputing and Two Donors
1725,A Woman with a Dog
1726,Apples
1727,Bathers
1728,The Card Players
1729,"Antoine Dominique Sauveur Aubert (born 1817), the Artist's Uncle, as a Monk"
1730,"Antoine Dominique Sauveur Aubert (born 1817), the Artist's Uncle"
1731,Gardanne
1732,The Gulf of Marseilles Seen from L'Estaque
1733,Gustave Boyer (b. 1840) in a Straw Hat
1734,The House with the Cracked Walls
1735,"Madame Cézanne (Hortense Fiquet, 1850–1922) in the Conservatory"
1736,"Madame Cézanne (Hortense Fiquet, 1850–1922) in a Red Dress"
1737,Mont Sainte-Victoire and the Viaduct of the Arc River Valley
1738,Mont Sainte-Victoire
1739,The Pool at Jas de Bouffan
1740,Rocks at Fontainebleau
1741,Still Life with a Ginger Jar and Eggplants
1742,Still Life with Apples and a Pot of Primroses
1743,Still Life with Apples and Pears
1744,"Still Life with Jar, Cup, and Apples"
1745,View of the Domaine Saint-Joseph
1746,Jean-Baptiste Colbert (1619–1683)
1747,The Silver Tureen
1748,Soap Bubbles
1749,Portrait of a Man
1750,Bathsheba at Her Bath
1751,Self-Portrait
1752,Portrait of a Carthusian
1753,Head of Christ
1754,The Lamentation
1755,The Annunciation
1756,The Adoration of the Shepherds with Saint Catherine of Alexandria
1757,Madonna and Child with Saints Francis and Clare
1758,"Three Saints: Roch, Anthony Abbot, and Lucy"
1759,Still Life with a Skull and a Writing Quill
1760,The Ford
1761,Pastoral Landscape: The Roman Campagna
1762,Sunrise
1763,The Trojan Women Setting Fire to Their Fleet
1764,View of La Crescenza
1765,"Charles IX (1550–1574), King of France"
1766,Guillaume Budé (1467–1540)
1767,"Henry II (1519–1559), King of France"
1768,The Adoration of the Shepherds
1769,Vanitas Still Life
1770,"Mrs. James Pulham Sr. (Frances Amys, ca. 1766–1856)"
1771,Salisbury Cathedral from the Bishop's Grounds
1772,Stoke-by-Nayland
1773,Madonna and Child
1774,Portrait of a Man with Gloves
1775,"Anne de Pisseleu (1508–1576), Duchesse d'Étampes"
1776,"Charles de Cossé (1506–1563), Comte de Brissac"
1777,Jean d'Albon de Saint-André (1472–1549)
1778,Portrait of a Bearded Man in Black
1779,Portrait of a Bearded Man in White
1780,Portrait of a Man
1781,Portrait of a Man
1782,Portrait of a Man
1783,Portrait of a Man with a Gold Chain
1784,Portrait of a Man with a Pointed Collar
1785,Portrait of a Man with Gloves
1786,Portrait of a Man with a Black-Plumed Hat
1787,Portrait of a Young Woman
1788,Portrait of a Dwarf
1789,Portrait of a Man
1790,Portrait of a Widow
1791,Toussaint Lemaistre (1807/8–1888)
1792,Hagar in the Wilderness
1793,Bacchante by the Sea
1794,The Gypsies
1795,Bacchante in a Landscape
1796,Boatman among the Reeds
1797,"The Burning of Sodom (formerly ""The Destruction of Sodom"")"
1798,The Environs of Paris
1799,The Ferryman
1800,Girl Weaving a Garland
1801,Honfleur: Calvary
1802,A Lane through the Trees
1803,The Letter
1804,Mother and Child
1805,The Muse: History
1806,A Pond in Picardy
1807,Portrait of a Child
1808,Reverie
1809,River with a Distant Tower
1810,Sibylle
1811,"Study for ""The Destruction of Sodom"""
1812,View of Lormes
1813,A Village Street: Dardagny
1814,Ville-d'Avray
1815,The Banks of the Seine at Conflans
1816,A Woman Gathering Faggots at Ville-d'Avray
1817,A Woman Reading
1818,"Saints Peter, Martha, Mary Magdalen, and Leonard"
1819,"Marianne Dorothy Harland (1759–1785), Later Mrs. William Dalrymple"
1820,The Storm
1821,"Admiral Harry Paulet (1719/20–1794), Sixth Duke of Bolton"
1822,"Madame Frederic Breyer (Fanny Hélène Van Bruyssel, 1830–1894)"
1823,"Jo, La Belle Irlandaise"
1824,Woman with a Parrot
1825,The Young Bather
1826,The Woman in the Waves
1827,The Calm Sea
1828,Marine: The Waterspout
1829,After the Hunt
1830,Alphonse Promayet (1822–1872)
1831,"A Brook in a Clearing (possibly ""Brook, Valley of Fontcouverte; Study"")"
1832,A Brook in the Forest
1833,The Deer
1834,The Fishing Boat
1835,The Hidden Brook
1836,Hunting Dogs with Dead Hare
1837,Louis Gueymard (1822–1880) as Robert le Diable
1838,"Madame Auguste Cuoq (Mathilde Desportes, 1827–1910)"
1839,Monsieur Suisse
1840,Nude with Flowering Branch
1841,Portrait of a Man
1842,River and Rocks
1843,The Sea
1844,The Source
1845,The Source of the Loue
1846,Woman in a Riding Habit (L'Amazone)
1847,View of Ornans
1848,Spring Flowers
1849,Apples
1850,"Portrait of a Woman, Called Héloïse Abélard"
1851,Soap Bubbles
1852,Lukas Spielhausen
1853,Christ and the Adulteress
1854,Christ Blessing the Children
1855,"Johann (1498–1537), Duke of Saxony"
1856,The Judgment of Paris
1857,Judith with the Head of Holofernes
1858,The Martyrdom of Saint Barbara
1859,Portrait of a Man with a Rosary
1860,Samson and Delilah
1861,Venus and Cupid
1862,"Friedrich III (1463–1525), the Wise, Elector of Saxony"
1863,Portrait of a Man
1864,"Johann I (1468–1532), the Constant, Elector of Saxony"
1865,"Johann I (1468–1532), the Constant, Elector of Saxony"
1866,Martin Luther (1483–1546)
1867,The Meeting of Alexander the Great and Diogenes
1868,Philip IV (1605–1665) in Parade Armor
1869,Madonna and Child
1870,Pietà
1871,Madonna and Child Enthroned with Two Angels and a Donor
1872,Madonna and Child with Two Angels
1873,"Hautbois Common, Norfolk"
1874,Bacchus and Nymphs in a Landscape
1875,Landscape with the Flight into Egypt
1876,Piping Shepherds
1877,Equestrian Portrait of Cornelis (1639–1680) and Michiel Pompe van Meerdervoort (1638–1653) with Their Tutor and Coachman
1878,Young Herdsmen with Cows
1879,Children and a Cow
1880,Christ Enthroned with Saints
1881,Madonna of the Rose
1882,The Pardon in Brittany
1883,Portrait of a Woman
1884,Charity
1885,Uvedale Tomkyns Price (1685–1764) and Members of His Family
1886,The Banks of the Oise
1887,Landscape on a River
1888,A River Landscape with Storks
1889,Boats on the Seacoast at Étaples
1890,Apple Blossoms
1891,The Seine: Morning
1892,Portejoie on the Seine
1893,The Hamlet of Optevoz
1894,Landscape with a Sunlit Stream
1895,The Laundress
1896,Don Quixote and the Dead Mule
1897,The Drinkers
1898,The Third-Class Carriage
1899,The Crucifixion
1900,The Nativity with Donors and Saints Jerome and Leonard
1901,The Nativity
1902,The Rest on the Flight into Egypt
1903,Virgin and Child with Four Angels
1904,Virgin and Child
1905,The Adoration of the Magi
1906,The Death of Socrates
1907,"Antoine Laurent Lavoisier (1743–1794) and Marie Anne Lavoisier (Marie Anne Pierrette Paulze, 1758–1836)"
1908,General Étienne-Maurice Gérard (1773–1852)
1909,Head of a Child
1910,The Experts
1911,The Good Samaritan
1912,The Turkish Patrol
1913,The Forge
1914,The Rope Dance
1915,The Old Italian Woman
1916,A Woman Seated beside a Vase of Flowers (Madame Paul Valpinçon?)
1917,The Collector of Prints
1918,"The Ballet from ""Robert le Diable"""
1919,Dancers in the Rehearsal Room with a Double Bass
1920,Dancers Practicing at the Barre
1921,"Dancers, Pink and Green"
1922,The Dancing Class
1923,James-Jacques-Joseph Tissot (1836–1902)
1924,Joseph-Henri Altès (1826–1895)
1925,"Madame Théodore Gobillard (Yves Morisot, 1838–1893)"
1926,Marie Dihau (1843–1935)
1927,Portrait of a Woman in Gray
1928,Portrait of a Young Woman
1929,Sulking
1930,Two Men
1931,A Woman Ironing
1932,Basket of Flowers
1933,Christ Asleep during the Tempest
1934,George Sand's Garden at Nohant
1935,Hamlet and His Mother
1936,"Madame Henri François Riesener (Félicité Longrois, 1786–1847)"
1937,The Natchez
1938,Triumph of the Amazons
1939,Departure of the Amazons
1940,Objects of Art from the Louvre
1941,Still Life with Silver
1942,A Dragoon on Horseback
1943,The Defense of Champigny
1944,Gendarmes d'Ordonnance
1945,Louis-Félix Amiel (1802–1864)
1946,Diana
1947,Autumn: The Woodland Pond
1948,The Edge of the Woods
1949,A Vista through Trees: Fontainebleau
1950,The Forest of Fontainebleau
1951,Saint Cecilia
1952,Christ Healing the Sick
1953,The Adoration of the Shepherds
1954,"Surprised, or Infidelity Found Out"
1955,Landscape with Moses and the Burning Bush
1956,Portrait of an Old Man
1957,Don Quixote and Sancho Panza Entertained by Basil and Quiteria
1958,The Three Ages of Humans
1959,An Evening School
1960,Self-Portrait
1961,Portrait of a Man (Self-Portrait?)
1962,Young Woman with a Pearl Necklace
1963,"Portrait of a Woman, Said to be Madame Charles Simon Favart (Marie Justine Benoîte Duronceray, 1727–1772)"
1964,"Marie Rinteau, called Mademoiselle de Verrières"
1965,Madame Sophie de France (1734–1782)
1966,Portrait of a Young Woman as a Vestal Virgin
1967,Boy with a Black Spaniel
1968,A Couple in an Interior with a Gypsy Fortune-Teller
1969,Self-Portrait with a Harp
1970,Landing the Shore End of the Atlantic Cable
1971,Awaiting the Reply
1972,Grappling for the Lost Cable
1973,"Homeward Bound: ""The Great Eastern"""
1974,Landing at Newfoundland
1975,Making the Splice between the Shore End and the Ocean Cable
1976,Imaginary Landscape
1977,Card Players in a Drawing Room
1978,"Madame de Saint-Morys (Eléonore Elisabeth Angélique de Beauterne, 1742–1824)"
1979,Benjamin Franklin (1706–1790)
1980,Benjamin Franklin (1706–1790)
1981,"Anne Elizabeth Cholmley (1769–1788), Later Lady Mulgrave"
1982,Mrs. John Puget (Catherine Hawkins)
1983,Cows Crossing a Ford
1984,Salvator Mundi
1985,Virgin and Child with Saint Anne
1986,Virgin and Child
1987,Portrait of an Italian Woman
1988,A Young Woman in a Landscape
1989,"James Stuart (1612–1655), Duke of Richmond and Lennox"
1990,Lucas van Uffel (died 1637)
1991,Portrait of a Man
1992,"Portrait of a Woman, Called the Marchesa Durazzo"
1993,"Robert Rich (1587–1658), Second Earl of Warwick"
1994,Saint Rosalie Interceding for the Plague-stricken of Palermo
1995,Self-Portrait
1996,Study Head of an Old Man with a White Beard
1997,Virgin and Child
1998,Virgin and Child with Saint Catherine of Alexandria
1999,Isaac Blessing Jacob
2000,A Musical Party
2001,Putti with a Medallion
2002,Putti with a Medallion
2003,Conversation Piece (The Sense of Smell)
2004,The Crucifixion with Donors and Saints Peter and Margaret
2005,Allegory
2006,Head of Christ
2007,Virgin and Child in a Niche
2008,Portrait of a Man with a Moor's Head on His Signet Ring
2009,Heinrich(?) vom Rhein zum Mohren (1477–1536)
2010,Abraham Dismissing Hagar and Ishmael
2011,Flowers by a Stone Vase
2012,Flowers in a Stone Vase
2013,Still Life with Roses and Fruit
2014,Still Life with Flowers and Fruit
2015,Still Life with Pansies
2016,Portrait of a Woman
2017,The Palace of Aurora
2018,Self-Portrait
2019,Saints John the Evangelist and Lawrence
2020,The Parable of the Mote and the Beam
2021,The Good Samaritan
2023,Bearded Man with a Velvet Cap
2024,Portrait of a Prelate
2025,Madonna and Child
2026,Recess of the Court
2027,Mirope Savati Gaye
2028,The Cascade
2029,Portrait of a Young Woman
2030,Roman Interior
2031,The Love Letter
2032,A Woman with a Dog
2033,A Shaded Avenue
2034,The Stolen Kiss
2035,The Two Sisters
2036,Allegory of Vigilance
2037,Gathering Olives at Tivoli
2038,The Nativity
2039,Federico Gonzaga (1500–1540)
2040,Madonna and Child
2041,Madonna and Child with Saints Francis and Jerome
2042,Portrait of a Monk in Prayer
2043,Monsieur de Bellefourière
2044,Portrait of a Member of the de Thou Family
2045,Portrait of a Man with a High Hat
2046,Portrait of a Man in a White Fur Coat
2047,"Henri III (1551–1589), King of France"
2048,"Alfonso II d'Este (1533–1597), Duke of Ferrara"
2049,Holy Family with Saint Anne
2050,Still Life with Strawberries
2051,The Restoration of the Catholic Religion in Strasbourg
2052,Trompe l'oeil with Palettes and Miniature
2053,Portrait of a Man in a Brown Coat
2054,Portrait of a Woman in a Rose Dress
2055,Cartoon for the Back of a Tapestry Settee
2056,Portrait of a Woman Holding a Book
2057,Study of a Nude Man
2058,Portrait of a Man in a Blue Coat
2059,Napoleon Bonaparte (1769–1821)
2060,Portrait of a Young Man
2061,The Nymph of Fontainebleau
2062,Christ Bearing the Cross
2063,Portrait of a Man of the Moncheaux Family
2064,The Resurrection
2065,Jerusalem from the Mount of Olives
2066,The Arab Falconer
2067,Arabs Crossing a Ford
2068,The Nativity
2069,The Night-Hag Visiting Lapland Witches
2070,"A Hare, Partridges, and Fruit"
2071,A Partridge and Small Game Birds
2072,The Trinity
2073,Charles Rousseau Burney (1747–1819)
2074,Queen Charlotte
2075,A Boy with a Cat—Morning
2076,Lieutenant Colonel Paul Pechell (1724–1800)
2077,Mrs. Grace Dalrymple Elliott (1754?–1823)
2078,"Mrs. Ralph Izard (Alice De Lancey, 1746/47–1832)"
2079,"John Hobart (1723–1793), 2nd Earl of Buckinghamshire"
2080,"Portrait of a Young Woman, Called Miss Sparrow"
2081,Cottage Children (The Wood Gatherers)
2082,Wooded Upland Landscape
2083,The Painter's Daughter Mary (1750–1826)
2084,The Translation of the Holy House of Loreto
2085,Two Tahitian Women
2086,A Farm in Brittany
2087,The Siesta
2089,Tahitian Landscape
2090,Madonna and Child with Angels
2091,Esther before Ahasuerus
2092,Alfred Dedreux (1810–1860) as a Child
2093,Evening: Landscape with an Aqueduct
2094,An Episode from the Life of Saint Giovanni Gualberto
2095,Portrait of a Man in Profile
2096,Portrait of a Man
2097,"Cafe House, Cairo (Casting Bullets)"
2098,Prayer in the Mosque
2099,Pygmalion and Galatea
2100,Tiger and Cubs
2101,Vanitas Still Life
2102,Francesco Sassetti (1421–1490) and His Son Teodoro
2103,Portrait of a Man
2104,Selvaggia Sassetti (born 1470)
2105,Saint Christopher and the Infant Christ
2106,Madonna and Child with Angels
2107,Saint John the Evangelist Raises Satheus to Life
2108,Saint John the Evangelist with Acteus and Eugenius
2109,Saint John the Evangelist Causes a Pagan Temple to Collapse
2110,The Man of Sorrows
2111,Diana the Huntress
2112,The Annunciation
2113,The Flight into Egypt
2114,The Adoration of the Magi
2115,The Adoration of the Magi
2116,Madonna and Child with Two Angels and a Donor
2117,The Miraculous Communion of Saint Catherine of Siena
2118,Saints Matthew and Francis
2119,Before the Mirror
2120,"Marie Adélaïde de Savoie (1685–1712), Duchesse de Bourgogne"
2121,Portrait of a Man
2122,A Benedictine Monk
2123,The Adoration of the Magi
2124,Sunflowers
2125,Bouquet of Flowers in a Vase
2126,"First Steps, after Millet"
2127,The Flowering Orchard
2128,Irises
2129,"L'Arlésienne: Madame Joseph-Michel Ginoux (Marie Julien, 1848–1911)"
2130,Oleanders
2131,Peasant Woman Cooking by a Fireplace
2132,Self-Portrait with a Straw Hat (obverse: The Potato Peeler)
2133,Shoes
2134,Roses
2135,Wheat Field with Cypresses
2136,Women Picking Olives
2137,Portrait of a Man
2138,Virgin and Child
2139,Sebastián Martínez y Pérez (1747–1800)
2140,"Ignacio Garcini y Queralt (1752–1825), Brigadier of Engineers"
2141,Josefa de Castilla Portugal y van Asbrock de Garcini (1775–about 1850)
2142,"Tiburcio Pérez y Cuervo (1785/86–1841), the Architect"
2143,Manuel Osorio Manrique de Zuñiga (1784–1792)
2144,"José Costa y Bonells (died l870), Called Pepito"
2145,Narcisa Barañana de Goicoechea
2146,Majas on a Balcony
2147,Don Bernardo de Iriarte (1735–1814)
2148,Infanta María Luisa (1782–1824) and Her Son Carlos Luis (1799–1883)
2149,"Ferdinand VII (1784–1833), When Prince of Asturias"
2150,"María Luisa of Parma (1751–1819), Queen of Spain"
2151,A City on a Rock
2152,Bullfight in a Divided Ring
2153,Sandy Road with a Farmhouse
2154,Country House near the Water
2155,The Pelkus Gate near Utrecht
2156,View of Haarlem and the Haarlemmer Meer
2157,Castle by a River
2158,River View with a Village Church
2159,"Saints Nicholas of Tolentino, Roch, Sebastian, and Bernardino of Siena, with Kneeling Donors"
2160,Scenes from the Life of Saint John the Baptist
2161,Saint John the Baptist Bearing Witness
2162,The Choir of the Capuchin Church in Rome
2163,The Adoration of the Shepherds
2164,The Adoration of the Shepherds
2165,Christ Healing the Blind
2166,Cardinal Fernando Niño de Guevara (1541–1609)
2167,Portrait of an Old Man
2168,View of Toledo
2169,The Vision of Saint John
2170,Saint Andrew
2171,Broken Eggs
2172,Aegina Visited by Jupiter
2173,"Charles Claude de Flahaut (1730–1809), Comte d'Angiviller"
2174,Head of a Young Woman
2175,Study of a Woman’s Head
2176,"Madame Jean-Baptiste Nicolet (Anne Antoinette Desmoulins, 1743–1817)"
2177,Princess Varvara Nikolaevna Gagarina (1762–1802)
2178,Jean Jacques Caffiéri (1725–1792)
2179,Head of a Young Boy
2180,"The Empress Elizabeth of Russia (1709–1762) on Horseback, Attended by a Page"
2181,Portrait of a Woman
2182,Fantastic Landscape
2183,Fantastic Landscape
2184,Fantastic Landscape
2185,Venice from the Bacino di San Marco
2186,Piazza San Marco
2187,Santa Maria della Salute
2188,The Grand Canal above the Rialto
2189,Venice: The Dogana and Santa Maria della Salute
2190,Venice: The Rialto
2191,Madonna and Child
2192,Samson Captured by the Philistines
2193,The Vocation of Saint Aloysius (Luigi) Gonzaga
2194,An Allegory
2195,In the Studio
2196,A Banquet
2197,Young Man and Woman in an Inn
2198,Portrait of a Bearded Man with a Ruff
2199,"Anna van der Aar (born 1576/77, died after 1626)"
2200,Petrus Scriverius (1576–1660)
2201,Paulus Verschuur (1606–1667)
2202,"Portrait of a Man, Possibly Nicolaes Pietersz Duyst van Voorhout (born about 1600, died 1650)"
2203,Merrymakers at Shrovetide
2204,Portrait of a Man
2205,Portrait of a Woman
2206,The Smoker
2207,Boy with a Lute
2208,Frans Hals (1582/83–1666)
2209,Malle Babbe
2210,Portrait of a Woman
2211,Self-Portrait
2212,Moonrise
2213,A Vase of Flowers
2214,Still Life with a Glass and Oysters
2215,Still Life: A Banqueting Scene
2216,"Jacob Willemsz van Veen (1456–1535), the Artist's Father"
2217,Portrait of a Man
2218,The Musician
2219,The Calling of Saint Matthew
2220,A Bather (Echo)
2221,Young Woman Praying
2222,The Huis ten Bosch at The Hague and Its Formal Garden (View from the South)
2223,The Huis ten Bosch at The Hague and Its Formal Garden (View from the East)
2224,Entrance to a Village
2225,Woodland Road
2226,The Wedding of Stephen Beckingham and Mary Cox
2227,"Benedikt von Hertenstein (born about 1495, died 1522)"
2228,Hermann von Wedigh III (died 1560)
2229,Derick Berck of Cologne
2230,Portrait of a Man in a Red Cap
2231,"Lady Guildford (Mary Wotton, 1499–1558)"
2232,"Lady Lee (Margaret Wyatt, born about 1509)"
2233,Portrait of a Young Woman
2234,Portrait of a Man (Sir Ralph Sadler?)
2235,"Lady Rich (Elizabeth Jenks, died 1558)"
2236,"Edward VI (1537–1553), When Duke of Cornwall"
2237,Peacocks
2238,Christ among the Doctors
2239,Interior with a Young Couple
2240,"Woman with a Water Pitcher, and a Man by a Bed"
2241,Paying the Hostess
2242,The Visit
2243,A Woman and Two Men in an Arbor
2244,The Annunciation of the Death of the Virgin
2245,Lady Hester King (died 1873)
2246,Major Thomas Pechell (1753–1826)
2247,"Mrs. John Garden (Ann Garden, 1769–1842) and Her Children, John (1796–1854) and Ann Margaret (born 1793)"
2248,"Mrs. Richard Bache (Sarah Franklin, 1743–1808)"
2249,"Mrs. Richard Brinsley Sheridan (Hester Jane Ogle, 1775/76–1817) and Her Son (Charles Brinsley Sheridan, 1796–1843)"
2250,"Mrs. Thomas Pechell (Charlotte Clavering, died 1841)"
2251,"Mrs. Whaley (died 1798, Isle of Man)"
2252,"Portrait of a Woman; (reverse, now covered by relining canvas) Study of a Child's Head"
2253,"Richard Humphreys, the Boxer"
2254,The Sackville Children
2255,A Musical Gathering at the Court of the Elector Karl Albrecht of Bavaria
2256,Still Life: A Basket of Grapes and Other Fruit
2257,William H. Riggs (1837–1924) in Sixteenth-Century Half-Armor
2258,The Temptation of Saint Anthony
2259,"Madame Jacques-Louis Leblanc (Françoise Poncelle, 1788–1839)"
2260,Edmond Cavé (1794–1852)
2261,Head of Saint John the Evangelist
2262,Jacques-Louis Leblanc (1774–1846)
2263,"Madame Edmond Cavé (Marie-Élisabeth Blavot, born 1810)"
2264,Odalisque in Grisaille
2265,Ingres (1780–1867) as a Young Man
2266,"Christ Crowned with Thorns (Ecce Homo), and the Mourning Virgin"
2267,Man Weighing Gold
2268,Expectation
2269,Grandmother's Treasure
2270,"Alfonso I d'Este (1476–1534), Duke of Ferrara"
2271,Madonna and Child Enthroned
2272,Madonna and Child Enthroned
2273,Madonna and Child Enthroned with Saint John the Baptist and Another Saint
2274,Madonna and Child with Angels
2275,Madonna and Child with the Young Saint John the Baptist
2276,Portrait of a Woman
2277,Portrait of a Man in a Fur-Trimmed Coat
2278,The Annunciation
2279,Two Angels
2280,Portrait of a Man
2281,Portrait of a Man
2282,Madonna and Child with Saints Michael and John the Baptist; The Noli Me Tangere; The Conversion of Saint Paul
2283,Pomegranates and Other Fruit in a Landscape
2284,Book Cover
2285,Madonna and Child with Saints Jerome and Francis
2286,"The Theological Virtues: Faith, Charity, Hope"
2287,Madonna and Child
2288,Portrait of a Young Man
2289,Holy Family
2290,Michelangelo Buonarroti (1475–1564)
2291,The Sheepfold
2292,Springtime
2293,The Dead Christ in the Tomb with Two Angels
2294,Captain Swaton
2295,The Adoration of the Christ Child
2296,Capriccio with St. Paul's and Old London Bridge
2297,Scene in a Courtyard
2298,Honfleur
2299,The Pont Neuf
2300,Portrait of a Man
2301,Portrait of a Woman
2302,Portrait of a Man with a Watch
2303,The Annunciation
2304,The Holy Family
2305,The Last Judgment
2306,Virgin and Child
2307,"Francis I (1494–1547), King of France"
2308,The Holy Family
2309,The Holy Family with Shepherds
2310,The Holy Family with Saint Anne and the Young Baptist and His Parents
2311,The Marriage Feast at Cana
2312,Saints Michael and Francis
2313,The Adoration of the Magi
2314,"Still Life with Fruit, Glassware, and a Wanli Bowl"
2315,Interior of a Kitchen
2316,"Edward Smith Stanley (1752–1834), Twelfth Earl of Derby, Elizabeth, Countess of Derby (Lady Elizabeth Hamilton, 1753–1797), and Their Son (Edward Smith Stanley, 1775–1851)"
2317,The Sorrow of Telemachus
2318,Telemachus and the Nymphs of Calypso
2319,Italian Garden
2320,Crusaders before Jerusalem
2321,The Lacemaker
2322,A Mountainous Landscape with a Waterfall
2323,A Musician and His Daughter
2324,Mäda Primavesi (1903–2000)
2325,Serena Pulitzer Lederer (1867–1943)
2326,Girl Building a House of Cards
2327,"Charles Beauclerk (1670–1726), Duke of St. Albans"
2328,Lady Mary Berkeley
2329,"Valdemar Hjartvar Købke (1813–1893), the Artist's Brother"
2330,"Winter Landscape, Holland"
2331,Sunset on the Rhine
2332,Hugo van der Goes Painting the Portrait of Mary of Burgundy
2333,A Panoramic Landscape with a Country Estate
2334,An Extensive Wooded Landscape
2335,Wide River Landscape
2336,Red Sunset on the Dnieper
2337,Portrait of a Young Man; (reverse) Girl Making a Garland
2338,The Ascension of Christ
2339,Allegory of Music
2340,The Fortune-Teller
2341,The Penitent Magdalen
2342,"Self-Portrait with Two Pupils, Marie Gabrielle Capet (1761–1818) and Marie Marguerite Carreaux de Rosemond (died 1788)"
2343,Apollo and Aurora
2344,"Copy after Rubens's ""Wolf and Fox Hunt"""
2345,Portrait of a Woman and an Enslaved Servant
2346,André François Alloys de Theys d'Herculais (1692–1779)
2347,The Village of La Celle-sous-Moret
2348,"The Calmady Children (Emily, 1818–?1906, and Laura Anne, 1820–1894)"
2349,"Elizabeth Farren (born about 1759, died 1829), Later Countess of Derby"
2350,John Julius Angerstein (1736–1823)
2351,Lady Maria Conyngham (died 1843)
2352,The Rape of Tamar
2353,A Masked Ball in Bohemia
2354,General Garibaldi's Residence at Caprera
2355,Graziella
2356,Peasant Girl with a White Headcloth
2357,Lucia
2358,Lachrymae
2359,Choosing the Dinner
2360,"Mary Capel (1630–1715), Later Duchess of Beaufort, and Her Sister Elizabeth (1633–1678), Countess of Carnarvon"
2361,Study for a Portrait of a Woman
2362,Sir Henry Capel (1638–1696)
2363,"Barbara Villiers (1640–1709), Duchess of Cleveland"
2364,The Interior of an Atelier of a Woman Painter
2365,"Marion Lenbach (1892–1947), the Artist's Daughter"
2366,Prince Regent Luitpold of Bavaria (1821–1912)
2367,"Auction Sale in Clinton Hall, New York, 1876"
2368,The Organ Rehearsal
2369,The Grape Harvest
2370,Among the Humble
2371,The Ropewalk in Edam
2372,Allegory of Avarice
2373,Peasants Dancing
2374,Battle Scene
2375,Tobit Burying the Dead
2376,Madonna and Child
2377,The Descent from the Cross
2378,Madonna and Child Enthroned with Two Angels
2379,Portrait of a Woman with a Man at a Casement
2380,The Annunciation
2381,The Visit
2382,The Letter
2383,The Meeting
2384,The Temptation
2385,Madonna and Child
2386,Saint Catherine of Alexandria
2387,Madonna Adoring the Child with the Infant Saint John the Baptist and an Angel
2388,Portrait of a Young Woman
2389,Abraham
2390,David
2391,Moses
2392,Noah
2393,Brother Gregorio Belo of Vicenza
2394,Venus and Cupid
2395,Madonna and Child
2396,The Crucifixion
2397,Christ Presented to the People
2398,"Morning, Interior"
2399,"Laure de Sade, Comtesse Adhéaume de Chevigné"
2400,Samuel P. Avery (1822–1904)
2401,"Masquerade Ball at the Ritz Hotel, Paris"
2402,Girls at a Window
2403,Abraham Dismissing Hagar and Ishmael
2404,"Ingena Rotterdam (died 1704), Betrothed of Admiral Jacob Binkes"
2405,"Admiral Jacob Binkes (born about 1640, died 1677)"
2406,The Lacemaker
2407,Portrait of a Woman
2408,Young Woman Peeling Apples
2409,The Tame Magpie
2410,Nuns at Work
2411,The Dream after the Ball
2412,The Peddler
2413,David at the Cave of Adullam
2414,Sebastian Andorfer (1469–1537)
2415,Ulrich Fugger the Younger (1490–1525)
2416,A Circus Boy
2417,The Spanish Singer
2418,Mademoiselle V. . . in the Costume of an Espada
2419,The Brioche
2420,Boating
2421,Boy with a Sword
2422,"Copy after Delacroix's ""Bark of Dante"""
2423,The Dead Christ with Angels
2424,Fishing
2425,The Funeral
2426,George Moore (1852–1933) at the Café
2427,Head of Jean-Baptiste Faure (1830–1914)
2428,Jean-Baptiste Faure (1830–1914)
2429,"Madame Edouard Manet (Suzanne Leenhoff, 1829–1906)"
2430,A Matador
2431,Peonies
2432,"Still Life with Flowers, Fan, and Pearls"
2433,Strawberries
2434,Young Lady in 1866
2435,The Monet Family in Their Garden at Argenteuil
2436,The Adoration of the Shepherds
2437,The Holy Family with Saint Mary Magdalen
2438,Madonna and Child with Seraphim and Cherubim
2439,Rodolfo Gonzaga (1451–1495)
2440,Penelope
2441,The Flood Gate
2442,Canal Side
2443,Reverie
2444,"Still Life with Poppy, Insects, and Reptiles"
2445,Saint Anthony of Padua
2446,The Adoration of the Magi
2447,Portrait of a Man
2448,Portrait of a Woman
2449,The Rest on the Flight into Egypt
2450,Ameto's Discovery of the Nymphs
2451,The Martyrdom of Saint Lawrence; (reverse) Giving Drink to the Thirsty
2452,"Jan (1438–1516), First Count of Egmond; Countess of Egmond (Magdalena van Werdenburg, 1464–1538)"
2453,The Sense of Sight
2454,Scenes from the Story of the Argonauts
2455,Beggars at a Doorway
2456,Portrait of a Woman
2457,The Birth of Cupid
2458,The Crucifixion
2459,The Arrival in Bethlehem
2460,Madonna and Child
2461,Virgin Suckling the Child
2462,"Madonna and Child with the Donor, Pietro de' Lardi, Presented by Saint Nicholas"
2463,Virgin and Child
2464,Crucifix
2465,Head of Christ
2466,Madonna and Child Enthroned with Angels
2467,Madonna and Child with the Infant Saint John the Baptist and Angels
2468,Young Man Holding a Book
2469,Madonna and Child Enthroned with Saints James Minor and Lucy
2470,Virgin and Child
2471,Joseph Interpreting the Dreams of His Fellow Prisoners
2472,The Lamentation
2473,Madonna and Child with Saints Jerome and Mary Magdalen
2474,Classical Landscape with Figures
2475,Changing Pasture
2476,Gathering Wood
2477,The Return to the Fold
2478,A Shepherdess and Her Flock
2479,Twilight
2480,The Last Token: A Christian Martyr
2481,"María Teresa (1638–1683), Infanta of Spain"
2482,The Card Players
2483,Soldier Playing the Theorbo
2484,A General and His Aide-de-camp
2486,The Afternoon Meal (La Merienda)
2487,Virgin and Child with Saints Catherine of Alexandria and Barbara
2488,Portrait of an Old Man
2489,"Tommaso di Folco Portinari (1428–1501); Maria Portinari (Maria Maddalena Baroncelli, born 1456)"
2490,Virgin and Child
2491,Young Woman with a Pink
2492,Virgin and Child
2493,Salvator Mundi
2494,Virgin and Child
2495,Madonna and Child with Saints and Angels
2496,Johann Joachim Winckelmann (1717–1768)
2497,"Falling Leaves, Allegory of Autumn"
2498,A Musical Party
2499,The Visit to the Nursery
2500,Tavern Scene
2501,A Woman Seated at a Window
2502,A Cavalry Engagement
2503,Waterfall at Mont-Dore
2504,Landscape with a Plowed Field and a Village
2505,The Mill of Montmartre
2506,Madonna and Child with the Infant Saint John the Baptist
2507,The Baker's Cart
2508,The Marriage of the Virgin
2509,Landscape with a Battle between Two Rams
2510,"Margaretha van Clootwijk (born about 1580/81, died 1662)"
2511,"Jacob van Dalen (1570–1644), Called Vallensis"
2512,Portrait of a Woman with a Lace Collar
2513,The Serenade
2514,Portrait of a Man
2515,"Charles I (1600–1649), King of England"
2516,Portia
2517,Mercury and Battus
2518,Autumn Landscape with a Flock of Turkeys
2519,Calling the Cows Home
2520,Garden Scene
2521,Haystacks: Autumn
2522,Shepherdess Seated on a Rock
2523,Woman with a Rake
2524,The Rest on the Flight into Egypt
2525,Landscape with a Cottage
2526,Harbor Scene: An English Ship with Sails Loosened Firing a Gun
2527,Dr. Leclenché
2528,The Green Wave
2529,Spring (Fruit Trees in Bloom)
2530,Landscape: The Parc Monceau
2531,The Parc Monceau
2533,View of Vétheuil
2534,Vétheuil in Summer
2535,Bouquet of Sunflowers
2536,Cabin of the Customs Watch
2537,Chrysanthemums
2538,Palm Trees at Bordighera
2539,The Valley of the Nervia
2540,The Manneporte near Étretat
2541,Rapids on the Petite Creuse at Fresselines
2542,The Four Trees
2543,Haystacks (Effect of Snow and Sun)
2544,Ice Floes
2545,Rouen Cathedral: The Portal (Sunlight)
2546,Morning on the Seine near Giverny
2547,Ile aux Orties near Vernon
2548,Bridge over a Pond of Water Lilies
2549,The Houses of Parliament (Effect of Fog)
2550,The Doge's Palace Seen from San Giorgio Maggiore
2551,Apples and Grapes
2552,"The Bodmer Oak, Fontainebleau Forest"
2553,Garden at Sainte-Adresse
2554,La Grenouillère
2555,Regatta at Sainte-Adresse
2556,Water Lilies
2557,Île aux Fleurs near Vétheuil
2558,Portrait of a Man in White
2559,Madonna Adoring the Child
2560,Portrait of a Woman
2561,The Court of the Princess
2562,Flowers in a Blue Vase
2563,Four Figures
2564,"Portrait of a Man, Possibly Ottavio Farnese (1524–1586), Duke of Parma and Piacenza"
2565,Oedipus and the Sphinx
2566,Portrait of a Young Boy
2567,The Entombment
2568,Christ in the Wilderness
2569,Portrait of a Man
2570,Young Woman Knitting
2571,Young Woman Seated on a Sofa
2572,The Bell Inn
2573,Lucrezia Agliardi Vertova (1490?–1558)
2574,Bartolomeo Bonghi (died 1584)
2575,Portrait of a Man
2576,Christ Shown to the People
2577,Maude Adams (1872–1953) as Joan of Arc
2578,The Music Room
2579,The Old Castle
2580,The Crucifixion
2581,Don Andrés de Andrade y la Cal
2582,A Knight of Alcántara or Calatrava
2583,Virgin and Child
2584,Count Giacomo Durazzo (1717–1794) and Ernestine Aloisia Ungnad von Weissenwolff (1732–1794)
2585,The Newborn Baby
2586,"Near Penshurst, Kent"
2587,The Rebuke of Adam and Eve
2588,Madame Marsollier and Her Daughter
2589,Portrait of a Woman
2590,Madame Bergeret de Frouville as Diana
2591,The Spring (La Source)
2592,"Marie Françoise de La Cropte de St. Abre, Marquise d'Argence (born 1714)"
2593,Interior of a Gothic Church by Day
2594,Interior of a Gothic Church at Night
2595,Interior of a Gothic Church at Night
2596,The Farrier
2597,Landscape at Sunset
2598,Sports on a Frozen River
2599,The Reader
2600,Madonna and Child with Saints Jerome and Mary Magdalen
2601,Saint Michael
2602,The Nightingale Sings
2603,Saint Donatian; Saint Victor Presenting a Donor
2604,Christ Bearing the Cross
2605,"Portrait of a Noblewoman, Probably Isabella of Portugal (1397–1472)"
2606,"Charles V (1500–1558), Holy Roman Emperor"
2607,Portrait of a Young Woman
2608,"Portrait of a Man, Possibly Jean de Langeac (died 1541), Bishop of Limoges"
2609,Portrait of a Woman
2610,Portrait of a Surgeon
2611,Portrait of a Man
2612,Portrait of a Young Man of the Van Steynoert Family
2613,The Rest on the Flight into Egypt
2614,The Adoration of the Magi
2615,A Sermon on Charity (possibly the Conversion of Saint Anthony)
2616,The Fifteen Mysteries and the Virgin of the Rosary
2617,Moses and Aaron before Pharaoh: An Allegory of the Dinteville Family
2618,The Card Party
2619,The Dispatch-Bearer
2620,A Cavalryman
2621,Saint Paul
2622,Saint Ursula and Her Maidens
2623,The Love Letter
2624,Virgin and Child with Angels
2625,Four Scenes from the Passion
2626,The Adoration of the Shepherds
2627,Saint Anne Enthroned with the Virgin and Child
2628,Man with a Tankard
2629,Dog Guarding Dead Game
2630,Ducks Resting in Sunshine
2631,Portrait of a Woman
2633,"The Grandchildren of Sir William Heathcote, 3rd Baronet"
2634,Portrait of a Young Man
2635,The Crucifixion
2636,Saint Romuald
2637,Ancient Rome
2638,Modern Rome
2639,"Interior of Saint Peter's, Rome"
2640,Madonna and Child
2641,Madonna and Child Enthroned
2642,The Annunciation
2643,A Mosque
2644,A Mosque
2645,"Portrait of a Knight of Malta, Probably Fra Jacopo Salviati"
2646,Concert Champêtre
2647,The Fair at Bezons
2648,The Golden Age
2649,Troops at Rest
2650,Troops on the March
2651,"Henry Frederick (1594–1612), Prince of Wales, with Sir John Harington (1592–1614), in the Hunting Field"
2652,"Princess Elizabeth (1596–1662), Later Queen of Bohemia"
2653,"Maria Luisa of Parma (1751–1819), Later Queen of Spain"
2654,Bacchus and Ariadne
2655,"January: Cernay, near Rambouillet"
2656,Head of a Man
2657,Our Lady of Guápulo
2658,Saint John the Baptist; Saint Lucy
2659,Frescoes from the Villa Stati-Mattei
2660,Portrait of an Olivetan Monk
2661,Madonna and Child with Six Saints
2662,Market Scene
2663,The Strong Family
2664,Saint Christopher Carrying the Infant Christ
2665,Man with a Celestial Globe
2666,A Hunting Scene
2667,The Return from the Hunt
2668,The Young Saint John the Baptist
2669,The Death of Harmonia
2670,Madonna and Child with Angels
2671,Processional Crucifix
2672,Thusnelda at the Triumphal Entry of Germanicus into Rome
2673,The Presentation in the Temple
2674,"Jalais Hill, Pontoise"
2675,"A Cowherd at Valhermeil, Auvers-sur-Oise"
2676,The Public Garden at Pontoise
2677,Barges at Pontoise
2678,"Washerwoman, Study"
2679,Two Young Peasant Women
2680,A Washerwoman at Éragny
2681,Bather in the Woods
2682,"Poplars, Éragny"
2683,"Morning, An Overcast Day, Rouen"
2684,Steamboats in the Port of Rouen
2685,The Boulevard Montmartre on a Winter Morning
2686,"Rue de l'Épicerie, Rouen (Effect of Sunlight)"
2687,The Garden of the Tuileries on a Winter Afternoon
2688,The Garden of the Tuileries on a Spring Morning
2689,The Garden of the Tuileries on a Winter Afternoon
2690,"Côte des Grouettes, near Pontoise"
2691,Still Life with Apples and Pitcher
2692,Mother and Child
2693,Christ and the Woman Taken in Adultery
2694,Portrait of a Woman
2695,A Brazilian Landscape
2696,Portrait of a Young Woman
2697,"Margherita Gonzaga (1591–1632), Princess of Mantua"
2698,Blind Orion Searching for the Rising Sun
2699,The Companions of Rinaldo
2700,Midas Washing at the Source of the Pactolus
2701,The Abduction of the Sabine Women
2702,Saints Peter and John Healing the Lame Man
2703,Orpheus and Eurydice
2704,Girl with Cherries
2705,Pilate Washing His Hands
2706,Madonna and Child with Saints Francis and Dominic and Angels
2707,Virgin and Child
2708,The Crucifixion
2709,Andromache and Astyanax
2710,"Charles Maurice de Talleyrand Périgord (1754–1838), Prince de Talleyrand"
2711,The Lamentation
2712,The Allegory of the Sorbonne
2713,The Shepherd's Song
2714,Inter artes et naturam (Between Art and Nature)
2715,Ludus pro patria (Patriotic Games)
2716,Sleep
2717,Tamaris
2718,Paul and Barnabas at Lystra
2719,A Party of Merrymakers
2720,The Drummond Children
2721,George Harley Drummond (1783–1855)
2722,Alexander Maconochie (1777–1861) of Meadowbank
2723,James Johnston of Straiton (died 1841)
2724,Janet Law
2725,John Gray (1731–1811) of Newholm
2726,"Lady Maitland (Catherine Connor, died 1865)"
2727,"Mrs. Richard Alexander Oswald (Louisa Johnston, ?born about 1760, died 1797)"
2728,William Forsyth (1749–1814)
2729,William Scott-Elliot of Arkleton (1811–1901)
2730,"William Robertson (1753–1835), Lord Robertson"
2731,"The Fletcher Mansion, New York City"
2732,"Place Saint-Germain-des-Prés, Paris"
2733,Holy Family with an Angel
2734,"Giuliano de' Medici (1479–1516), Duke of Nemours"
2735,Portrait of a Woman
2736,A Cat Stealing Fish
2737,Bouquet in a Chinese Vase
2738,The Chariot of Apollo
2739,Etruscan Vase with Flowers
2740,Vase of Flowers (Pink Background)
2741,Pandora
2742,Salome
2743,Man in a Turban
2744,"Portrait of a Man, probably a Member of the Van Beresteyn Family"
2745,Portrait of a Man
2746,"Portrait of a Woman, probably a Member of the Van Beresteyn Family"
2747,Bellona
2748,Portrait of a Woman
2749,Portrait of a Young Woman with a Fan
2750,Herman Doomer (ca. 1595–1650)
2751,The Toilet of Bathsheba
2752,Aristotle with a Bust of Homer
2753,"The Standard Bearer (Floris Soop, 1604–1657)"
2754,Hendrickje Stoffels (1626–1663)
2755,Self-Portrait
2756,Flora
2757,Man with a Magnifying Glass
2758,Portrait of a Man
2759,Portrait of a Man Holding Gloves
2760,Woman with a Pink
2761,Christ and the Woman of Samaria
2762,Head of Christ
2763,A Young Woman as a Shepherdess
2764,"Portrait of a Man (""The Auctioneer"")"
2765,Christ with a Staff
2766,Man in a Beret
2767,Portrait of a Woman
2768,Portrait of a Man with a Breastplate and Plumed Hat
2769,Man with a Steel Gorget
2770,Old Woman Cutting Her Nails
2771,Man in a Red Cloak
2772,Pilate Washing His Hands
2773,The Sibyl
2774,Man in Armor (Mars?)
2775,"Lieven Willemsz van Coppenol (born about 1599, died 1671 or later)"
2776,Man with a Beard
2777,Rembrandt (1606–1669) as a Young Man
2778,Rembrandt's Son Titus (1641–1668)
2779,Study Head of an Old Man
2780,Charity
2781,The Immaculate Conception
2782,"Madame Édouard Bernier (Marie-Octavie-Stéphanie Laurens, 1838–1920)"
2783,Marguerite-Thérèse (Margot) Berard (1874–1956)
2784,View of the Seacoast near Wargemont in Normandy
2785,The Bay of Naples
2786,Still Life with Peaches and Grapes
2787,Still Life with Peaches
2788,By the Seashore
2789,"Hills around the Bay of Moulin Huet, Guernsey"
2790,"Tilla Durieux (Ottilie Godeffroy, 1880–1971)"
2791,"The Farm at Les Collettes, Cagnes"
2792,In the Meadow
2793,A Road in Louveciennes
2794,A Waitress at Duval's Restaurant
2795,Young Girl in a Pink-and-Black Hat
2796,A Young Girl with Daisies
2797,Shepherd with a Flock of Sheep
2798,Portrait of a Boy
2799,Vsevolod Mikhailovich Garshin (1855–1888)
2800,"Thomas (1740–1825) and Martha Neate (1741–after 1795) with His Tutor, Thomas Needham"
2801,"Anne Dashwood (1743–1830), Later Countess of Galloway"
2802,"George Capel, Viscount Malden (1757–1839), and Lady Elizabeth Capel (1755–1834)"
2803,"Mrs. Horton, Later Viscountess Maynard (died 1814/15)"
2804,Captain George K. H. Coussmaker (1759–1801)
2805,"Georgiana Augusta Frederica Elliott (1782–1813), Later Lady Charles Bentinck"
2806,The Honorable Henry Fane (1739–1802) with Inigo Jones and Charles Blair
2807,"Mrs. Lewis Thomas Watson (Mary Elizabeth Milles, 1767–1818)"
2808,John Barker (1707–1787)
2809,"Lady Smith (Charlotte Delaval) and Her Children (George Henry, Louisa, and Charlotte)"
2810,Portrait of a Woman
2811,"Mrs. George Baldwin (Jane Maltass, 1763–1839)"
2812,The Holy Family with Saints Anne and Catherine of Alexandria
2813,Breton Fishermen and Their Families
2814,The Baptism of Christ
2815,The Holy Family with Angels
2816,A Canal in Venice
2817,On the Seine
2818,A Spanish Garden
2819,Portrait of a General Officer
2820,Louis XV (1710–1774) as a Child
2821,Portrait of a Man
2822,Pallas Athena and the Herdsman's Dogs
2823,The Portico of a Country Mansion
2824,The Mouth of a Cave
2825,The Bathing Pool
2826,The Dance
2827,The Fountain
2828,The Return of the Cattle
2829,The Swing
2830,Wandering Minstrels
2831,"Francesco d'Este (born about 1429, died after July 20, 1486)"
2832,Portrait of a Man in a Chaperon
2833,The Annunciation
2834,The Holy Family with Saint Paul and a Donor
2835,"Friedrich I (1460–1536), Margrave of Brandenburg-Ansbach"
2836,Sophia (1464–1512) of Poland
2837,The Sacrifice of Polyxena
2838,"Portrait of a Woman, Said to Be Emily Bertie Pott (died 1782)"
2839,Portrait of a Man
2840,"Lady Elizabeth Stanley (1753–1797), Countess of Derby"
2841,"Mrs. Bryan Cooke (Frances Puleston, 1765–1818)"
2842,"Mrs. Charles Frederick (Martha Rigden, died 1794)"
2843,"Mrs. George Horsley (Charlotte Mary Talbot, died 1828)"
2844,Self-Portrait
2845,Admiral Sir Chaloner Ogle (1726–1816)
2846,Bandits on a Rocky Coast
2847,The Dream of Aeneas
2848,Self-Portrait
2849,Madonna and Child with Two Angels
2850,Portrait of a Man
2851,The Banks of the Bièvre near Bicêtre
2852,Still Life with Ham
2853,"The Edge of the Woods at Monts-Girard, Fontainebleau Forest"
2854,A Meadow Bordered by Trees
2855,An Old Chapel in a Valley
2856,A Path among the Rocks
2857,A River in a Meadow
2858,A River Landscape
2859,Sunset near Arbonne
2860,Atalanta and Meleager
2862,A Forest at Dawn with a Deer Hunt
2863,The Glorification of the Eucharist
2864,The Holy Family with Saints Francis and Anne and the Infant Saint John the Baptist
2865,"The Holy Family with Saint Elizabeth, Saint John, and a Dove"
2866,"Portrait of a Man, Possibly an Architect or Geographer"
2867,"Portrait of a Woman, Probably Susanna Lunden (Susanna Fourment, 1599–1628)"
2868,"Rubens, Helena Fourment (1614–1673), and Their Son Frans (1633–1678)"
2869,Study of Two Heads
2870,Venus and Adonis
2871,Wolf and Fox Hunt
2872,Cambyses Appointing Otanes Judge
2873,Frans Francken I (1542–1616)
2874,Saint Teresa of Ávila Interceding for Souls in Purgatory
2875,Susanna and the Elders
2876,Virgin and Child
2877,Landscape with a Village in the Distance
2878,The Forest Stream
2879,Grainfields
2880,Mountain Torrent
2881,Wheat Fields
2882,The Resurrection of Christ and the Harrowing of Hell
2883,Market by the Seashore
2884,A Country Road
2885,Marine
2886,Drawing the Eel
2887,Ferry near Gorinchem
2888,View of the Town of Alkmaar
2889,Rustic Interior
2890,The Yard of the Inn at Emmaus
2891,Marcantonio Pasqualini (1614–1691) Crowned by Apollo
2892,Portrait of a Man
2893,Portrait of a Woman
2894,Paradise
2895,The Holy Family with the Young Saint John the Baptist
2896,Portrait of a Man
2897,Madonna and Child with Angels
2898,Saint Matthew and the Angel
2899,Night Scene on the Volga
2900,Cephalus and Procris
2901,Domestic Scene
2902,Lost: Souvenir of Auvergne
2903,The Marriage of Cupid and Psyche
2904,Christ before Pilate; The Resurrection
2905,Baron Alexander von Humboldt (1769–1859)
2906,Arabs on the March
2907,Battle Scene: Arabs Making a Detour
2908,The Building of Westminster Bridge
2909,"Portrait of a Man, Said to be Christopher Columbus (born about 1446, died 1506)"
2910,Madonna and Child with Saints and Donors
2911,Spring in Brittany
2912,Sir James Dashwood (1715–1779)
2913,Christ Blessing
2914,The Virgin Adoring the Child with the Infant Saint John the Baptist
2915,Circus Sideshow (Parade de cirque)
2916,The Forest at Pontaubert
2917,The Gardener
2918,Landscape at Saint-Ouen
2919,"Study for ""A Sunday on La Grande Jatte"""
2920,View of the Seine
2921,Portrait of a Horseman
2922,"William Archer Shee (1810–1899), the Artist's Son"
2923,The Cigarette (Jeanne Daurmont)
2924,"The Jetty at Cassis, Opus 198"
2925,"Notre-Dame-de-la-Garde (La Bonne-Mère), Marseilles"
2926,Madonna and Child
2927,Saint Andrew
2928,Saint Andrew
2929,Saint Bartholomew
2930,Saint Matthias
2931,Saint Thomas
2932,The Bridge at Villeneuve-la-Garenne
2933,The Seine at Bougival
2934,View of Marly-le-Roi from Coeur-Volant
2935,Sahurs Meadows in Morning Sun
2936,The Road from Moret to Saint-Mammès
2937,The Road from Versailles to Louveciennes
2938,Rue Eugène Moussoir at Moret: Winter
2939,Johan Hulshout (1623–1687)
2940,Portrait of a Man
2941,Soldiers Bivouacking
2942,Christ Blessing
2943,Salome with the Head of Saint John the Baptist
2944,The Birth of the Virgin
2945,A Kitchen
2946,"The Bath, Jávea"
2947,"Castle of San Servando, Toledo"
2948,"Señora de Sorolla (Clotilde García del Castillo, 1865–1929) in Black"
2949,"Mrs. Winthrop W. Aldrich (Harriet Alexander, 1888–1972)"
2950,The Mass of Saint Gregory
2951,Virgin and Child Enthroned with Saints Catherine and Jerome
2952,"Doña Marianna Stampa Parravicina (born 1612), Condesa di Segrate"
2953,Saint Michael the Archangel
2954,Head of a Man
2955,Christ among the Doctors
2956,Salome with the Head of Saint John the Baptist
2957,Six Apostles
2958,Saint Michael and the Dragon
2959,Judith with the Head of Holofernes
2960,The Dissolute Household
2961,The Lovesick Maiden
2962,Merry Company on a Terrace
2963,A Renaissance Portico with Elegant Figures
2964,"Richmond Castle, Yorkshire"
2965,After the Ball
2966,In the Studio
2967,The Japanese Robe
2968,Old Woman Praying
2969,Portrait of a Woman
2970,Landscape with Cattle
2971,Tobias Curing His Father's Blindness
2972,The Third Duke of Dorset's Hunter with a Groom and a Dog
2973,Ferdinando II de' Medici (1610–1670) as a Boy
2974,Portrait of a Man
2975,Clothing the Naked
2976,Saint Agapitus of Praeneste in the Arena; (interior) The Beheading of Saint Agapitus of Praeneste
2977,Saint Remigius Replenishing the Barrel of Wine; (interior) Saint Remigius and the Burning Wheat
2978,Portrait of a Man Wearing the Order of the Annunziata of Savoy
2979,The Billiard Room
2980,The Good Samaritan
2981,Guardroom with the Deliverance of Saint Peter
2982,Judith with the Head of Holofernes
2983,Peasants Dancing and Feasting
2984,Shepherds and Sheep
2985,Landscape with Thatched Cottages
2986,Alexander the Great Rescued from the River Cydnus
2987,At Lake Garda
2988,The Triumph of Marius
2989,The Battle of Vercellae
2990,The Capture of Carthage
2991,Allegorical Figures Representing Virtue and Abundance
2992,A Dance in the Country
2993,The Sacrifice of Isaac
2994,Group Portrait: A Wedding Celebration
2995,Doge Alvise Mocenigo (1507–1577) Presented to the Redeemer
2996,The Finding of Moses
2997,The Miracle of the Loaves and Fishes
2998,Portrait of a Man
2999,"Filippo Archinto (born about 1500, died 1558), Archbishop of Milan"
3000,Madonna and Child
3001,Portrait of a Man
3002,Venus and Adonis
3003,Venus and the Lute Player
3004,"Alfonso d'Este (1486–1534), Duke of Ferrara"
3005,Doge Andrea Gritti (1455–1538)
3006,Portrait of a Man
3007,Mademoiselle Nys
3008,"The Englishman (William Tom Warrener, 1861–1934) at the Moulin Rouge"
3009,Albert (René) Grenier (1858–1925)
3010,The Sofa
3011,Woman in the Garden of Monsieur Forest
3013,Saint Margaret of Cortona
3014,Teasing a Sleeping Girl
3015,Portrait of a Man
3016,Comedy
3017,Going to Market
3018,Road in the Woods
3019,Rose Hedge
3020,The Flight into Egypt
3021,Saint Louis of Toulouse
3022,Portrait of a Young Man
3023,"Saltash with the Water Ferry, Cornwall"
3024,"Venice, from the Porch of Madonna della Salute"
3025,Whalers
3026,Head of Saint John the Baptist
3027,Head of the Virgin
3028,Portrait of a Woman
3029,Going Home
3030,Portrait of a Boy with a Falcon
3031,Pietà
3032,Vase of Flowers and Conch Shell
3033,Halt of the Hunt
3034,Madonna and Child Enthroned with Saints Peter and Paul and Angels
3035,A Bouquet of Flowers in a Crystal Vase
3036,"Don Gaspar de Guzmán (1587–1645), Count-Duke of Olivares"
3037,Juan de Pareja (1606–1670)
3038,"María Teresa (1638–1683), Infanta of Spain"
3039,The Supper at Emmaus
3040,"Mariana of Austria (1634–1696), Queen of Spain"
3041,"Philip IV (1605–1665), King of Spain"
3042,"Portrait of a Man, Possibly a Self-Portrait"
3043,Portrait of a Man
3044,Entrance to a Dutch Port
3045,Allegory of the Catholic Faith
3046,A Maid Asleep
3047,Study of a Young Woman
3048,Young Woman with a Lute
3049,Young Woman with a Water Pitcher
3050,A Young Woman Reading
3051,Portrait of a Man with a Rosary
3052,"Mary (1505–1558), Queen of Hungary"
3053,The Triumph of Aemilius Paulus
3054,Harbor Scene with a Grotto and Fishermen Hauling in Nets
3055,Bertel Thorvaldsen (1768–1844) with the Bust of Horace Vernet
3056,The Start of the Race of the Riderless Horses
3057,Alessandro Vittoria (1525–1608)
3058,Boy with a Greyhound
3059,Mars and Venus United by Love
3060,Madonna and Child
3061,Portrait of a Man
3062,Eugène Joseph Stanislas Foullon d'Ecotier (1753–1821)
3063,The Reprimand
3064,The Missionary's Adventures
3065,Abraham's Parting from the Family of Lot
3066,"Madame Grand (Noël Catherine Vorlée, 1761–1835)"
3067,Alexandre Charles Emmanuel de Crussol-Florensac (1743–1815)
3068,"Comtesse de la Châtre (Marie Charlotte Louise Perrette Aglaé Bontemps, 1762–1848)"
3069,Examining Antique Arms
3070,Marie Joséphine Charlotte du Val d'Ognes (1786–1868)
3071,Saint Peter Martyr Healing the Leg of a Young Man
3072,Saint Jerome
3073,The Death of the Virgin
3074,Calm Sea
3075,"Interior of the Oude Kerk, Delft"
3076,Still Life with Cheese
3077,Portrait of a Woman
3078,Portrait of a Young Woman
3079,Two Tritons at the Feast of Acheloüs
3080,A Vase with Flowers
3081,Portrait of a Man
3082,The Pigeon House
3083,"A Day in October, near Waxholm, Sweden"
3084,The French Comedians
3085,Mezzetin
3086,The Cascade
3087,The Country Dance
3088,"An Old Bridge at Hendon, Middlesex"
3089,Ariadne
3090,Gamepiece with a Dead Heron
3091,The Highland Family
3092,Lake Nemi and Genzano from the Terrace of the Capuchin Monastery
3094,"Countess Alexander Nikolaevitch Lamsdorff (Maria Ivanovna Beck, 1835–1866)"
3095,Florinda
3096,Portrait of a Woman
3097,A Man and a Woman on Horseback
3098,Portrait of a Woman
3099,The Golden Age
3100,Kitchen Scene
3101,Saint Lucy
3102,"Frieda Schiff (1876–1958), Later Mrs. Felix M. Warburg"
3103,Edward R. Bacon (1846–1915)
3104,"Mrs. Walter Rathbone Bacon (Virginia Purdy Barker, 1862–1919)"
3105,"Mrs. John Crosby Brown (Mary Elizabeth Adams, 1842–1918)"
3106,Landscape with Peasants at a Fountain
3107,Saint Benedict
3108,The Young Virgin
3109,The Crucifixion
3110,"Ponte San Rocco and Waterfalls, Tivoli"
3111,Scene in the Jewish Quarter of Constantine
3112,Sunset after a Storm on the Coast of Sicily
3113,The Last Communion of Saint Mary of Egypt
3114,Christ Presented to the People (Ecce Homo)
3115,Ship by Moonlight
3116,Cypresses
3117,A Roman Landscape with Figures
3118,"La Berceuse (Woman Rocking a Cradle; Augustine-Alix Pellicot Roulin, 1851–1930)"
3119,Pansies
3120,The Denial of Saint Peter
3121,"On the Beach, Dieppe"
3122,Princess Pauline Metternich (1836–1921) on the Beach
3123,Dish of Apples
3124,Seated Peasant
3125,The Curious Little Girl
3126,Roses in a Bowl
3127,Roses and Lilies
3128,Asters and Fruit on a Table
3129,Olive Trees
3130,Still Life with Teapot and Fruit
3131,Three Tahitian Women
3132,Two Women
3133,"Madame Manet (Suzanne Leenhoff, 1829–1906) at Bellevue"
3134,Camille Monet (1847–1879) on a Garden Bench
3135,Poppy Fields near Argenteuil
3136,Camille Monet (1847–1879) in the Garden at Argenteuil
3137,"The Stroller (Suzanne Hoschedé, later Mrs. Theodore Earl Butler, 1868–1899)"
3138,The Path through the Irises
3139,Water Lilies
3140,"The Pink Dress (Albertie-Marguerite Carré, later Madame Ferdinand-Henri Himmes, 1854–1935)"
3141,Nini in the Garden (Nini Lopez)
3142,"Eugène Murer (Hyacinthe-Eugène Meunier, 1841–1906)"
3143,Bouquet of Chrysanthemums
3144,Reclining Nude
3145,"The Daughters of Catulle Mendès, Huguette (1871–1964), Claudine (1876–1937), and Helyonne (1879–1955)"
3146,"Gray Weather, Grande Jatte"
3147,The Streetwalker
3148,Woman before a Mirror
3149,Saint Julian
3150,The Antechamber of the Sala del Maggior Consiglio
3151,The Ridotto Pubblico at Palazzo Dandolo
3152,The Holy Family with Saint John the Baptist
3153,The Chariot of Aurora
3154,Valley of the River Loire
3155,Summer Flowers
3156,"Study for ""Portrait of an Indian"""
3157,Jean-Louis-André-Théodore Gericault (1791–1824)
3158,Tea
3159,"The Public Viewing David’s ""Coronation"" at the Louvre"
3160,"The Grand Canal, Venice, Looking South toward the Rialto Bridge"
3161,"Campo Santa Maria Zobenigo, Venice"
3162,"The Grand Canal, Venice, Looking Southeast, with the Campo della Carità to the Right"
3163,"Campo Sant'Angelo, Venice"
3164,"A Lock, a Column, and a Church beside a Lagoon"
3165,Warwick Castle
3166,Desdemona (The Song of the Willow)
3167,Rebecca and the Wounded Ivanhoe
3168,Queen Henrietta Maria
3169,Horsewoman
3170,"The Villa Loredan, Paese"
3171,"The Island of San Michele, Venice"
3172,A Huntsman and a Peasant Woman by the Isar River with a View of Munich
3173,A Man Leaning on a Parapet
3174,The Garter
3175,The Declaration of Love
3176,The Flight into Egypt
3177,The Meeting of Antony and Cleopatra
3178,The Departure of the Gondola
3179,Julie Le Brun (1780–1819) Looking in a Mirror
3180,Saint Catherine of Alexandria in Prison
3181,The Fishermen (Fantastic Scene)
3182,Madonna and Child with the Infant Saint John the Baptist
3183,"The ""Kearsarge"" at Boulogne"
3184,Young Woman with Ibis
3185,Springtime
3186,An Eruption of Vesuvius
3187,Salvator Mundi
3188,The Burial of Christ
3189,A Winter Landscape with Ice Skaters and an Imaginary Castle
3190,A Beach with Fishing Boats
3191,A View of The Hague from the Northwest
3192,"Still Life with Oysters, a Silver Tazza, and Glassware"
3193,Portrait of a Man with a Shell
3194,Portrait of a Woman with a Balance
3195,Young Woman with a Red Necklace
3196,Fishing Boats on a River
3197,View from the Quai d'Orsay
3198,Lighthouse at Groix
3199,The Virgin Adored by Saints
3200,"Madame Jacques-Louis-Étienne Reizet (Colette-Désirée-Thérèse Godefroy, 1782–1850)"
3201,Nymph and Shepherd
3202,Man Holding a Jug
3203,Two Men Contemplating the Moon
3204,The Crucifixion
3205,The Lamentation
3206,Madonna and Child
3207,The Virgin Adoring the Host
3208,Jean Monet (1867–1914) on His Hobby Horse
3209,View near Rouen
3210,Landscape with Travelers on a Woodland Path
3211,The Flagellation
3212,The Birth and Naming of Saint John the Baptist; (reverse) Trompe-l'oeil with Painting of The Man of Sorrows
3213,"Interior of the Oude Kerk, Delft"
3214,The Outskirts of a Village
3215,"Scene from the Gallic Wars: The Gaul Littavicus, Betraying the Roman Cause, Flees to Gergovie to Support Vercingétorix"
3216,Still Life with Shells and a Chip-Wood Box
3217,"Léon Pallière (1787–1820) in His Room at the Villa Medici, Rome"
3218,Madame Charles Maurice de Talleyrand Périgord (1761–1835)
3219,"On the Beach, Sunset"
3220,The Sack of Jerusalem by the Romans
3221,"Comtesse de La Tour-Maubourg (Marie-Louise-Charlotte-Gabrielle Thomas de Pange, 1816–1850)"
3222,"François Gérard (1770–1837), later Baron Gérard"
3223,The Crucifixion
3224,Retreat from the Storm
3225,"The Children of Martin Anton Heckscher: Johann Gustav Wilhelm Moritz (1797–1865), Carl Martin Adolph (1796–1850), and Leopold (born 1792)"
3226,Edge of a Wood
3227,The Mariner's Wife
3228,"The Arch of Titus and the Forum, Rome"
3229,Landscape
3230,Classical Landscape with Figures
3231,Lake Fucino and the Abruzzi Mountains
3232,Portrait of a Young Woman
3233,Pilgrims Arriving at Rome during the Jubilee
3234,Gothic Chapel
3235,Pozzuoli and the Bay of Naples
3236,First Steps
3237,The Abduction of Rebecca by a Knight Templar
3238,The Italian Brigand's Wife
3239,View of Beirut
3240,Waterfall at Terni
3241,Cow in a Barn
3242,"The Giralda, Seville"
3243,Landscape
3244,Mountainous Landscape at Vicovaro
3245,Mountainous Landscape at Tivoli
3246,Cloud Study (Early Evening)
3247,Cloud Study (Distant Storm)
3248,"View on the Quirinal Hill, Rome"
3249,"Fortified Wall, Italy"
3250,"View from the Villa d'Este, Tivoli"
3251,Interior Passage in the Colosseum
3252,View in a Park
3253,"The Palazzo Reale and the Harbor, Naples"
3254,Subiaco
3255,"Male Nude, Seen from Behind"
3256,"View of the Villa Torlonia, Frascati, at Dusk"
3257,Dramatic Scene with Monks in a Crypt
3258,View from the Colosseum toward the Palatine
3259,"A Section of the Claudian Aqueduct, Rome"
3260,"Monks in the Cloister of the Church of Gesù e Maria, Rome"
3261,The Gate to the Temple of Luxor
3262,Study of a Female Nude
3263,A Man from the Middle East in the Artist's Studio
3264,A Shepherd and a Rider on a Country Lane
3265,Landscape with a Shepherd
3266,Pope Gregory XVI Visiting the Church of San Benedetto at Subiaco
3267,The Flagellation of Christ
3268,View in the Gardens of the Villa d'Este
3269,View of Porta Pinciana from the Gardens of the Villa Ludovisi
3270,"View of the Basilica of Constantine from the Palatine, Rome"
3271,View of the Colosseum and the Arch of Constantine from the Palatine
3272,Entrance to the Grotto of Posillipo
3273,"Virgil's Tomb, Naples"
3274,Brigand and His Wife in Prayer
3276,"The Temple of Vesta, Tivoli"
3277,"Study for ""Young and His Daughter"""
3278,"The Banks of the Rance, Brittany"
3279,Mountainous Landscape with Bridge
3280,Stormy Coast Scene after a Shipwreck
3281,Saint Francis
3282,Saint George
3283,The Potato Peeler (reverse: Self-Portrait with a Straw Hat)
3284,The Annunciation
3285,The Servant Justified
3286,Brother Philippe's Geese
3287,Faustine Léo (1832–1865)
3288,"Haystacks, Morning, Éragny"
3289,Madonna and Child
3290,The Annunciation
3291,Madonna and Child with Saints
3292,Madonna and Child (after Duccio)
3293,Saint John the Baptist Bearing Witness
3294,The Abduction of Rebecca
3295,"Madame Georges Charpentier (Marguérite-Louise Lemonnier, 1848–1904) and Her Children, Georgette-Berthe (1872–1945) and Paul-Émile-Charles (1875–1895)"
3296,The Forest in Winter at Sunset
3297,The Dance Class
3298,Joseph-Antoine Moltedo (born 1775)
3299,Young Man in the Costume of a Majo
3300,Young Ladies of the Village
3301,Ia Orana Maria (Hail Mary)
3302,The Repast of the Lion
3303,The Manneporte (Étretat)
3304,Saint John the Baptist Preaching
3305,Madonna and Child with Two Angels
3306,"Portrait of a Woman, Said to Be Caritas Pirckheimer (1467–1532)"
3307,Portrait of a Man
3308,Parochialstrasse in Berlin
3309,Landscape
3310,The Penitent Magdalen
3311,Male Nude
3312,In Full Sunlight (En plein soleil)
3313,An Overgrown Mineshaft
3314,"View in the Stables of the Villa of Maecenas, Tivoli"
3315,Columns of the Temple of Neptune at Paestum
3316,A Storm off the Normandy Coast
3317,An Evening beside Lake Arresø
3318,View from the Citadel Ramparts in Copenhagen by Moonlight
3319,The Cemetery at Pronoia near Nauplia
3320,Mother and Child by the Sea
3321,The Family of Mr. Westfal in the Conservatory
3322,Saint Maurice
3323,The Reverend Philip Cocks (1735–1797)
3324,The Mass of Saint Basil
3325,Gothic Windows in the Ruins of the Monastery at Oybin
3326,Christ Blessing
3327,Wanderer in the Storm
3328,Portrait of a Mamluk
3329,Copenhagen Harbor by Moonlight
3330,Two Men before a Waterfall at Sunset
3331,At the Edge of the Forest
3332,View of a Farm in the Île-de-France
3333,"View in the Tiergarten, Berlin"
3334,Alpine Landscape
3335,Landscape at Olevano
3336,Landscape at Sunset
3337,The Bay of Naples with Vesuvius and Castel dell'Ovo
3338,Cloud Study
3339,View in the Dolomites
3340,"The Palace of Donn'Anna, Naples"
3341,Hampstead Heath with Bathers
3342,View of Aix-en-Provence
3343,View of Genzano with a Rider and Peasant
3344,View of Genzano
3345,Birch Tree in a Storm
3346,Cloud Study
3347,Cloud Study
3348,Aniene River at Tivoli
3349,"Sunset, Rome"
3350,Landscape near Rome during a Storm
3351,Cloud Study with Distant Mountains
3352,"Beech Trees in the English Garden, Munich"
3353,Nemi
3354,"Castel Sant'Elmo from Chiaia, Naples"
3355,Moonlit Harbor in Southern Italy
3356,"Sunset, Sorrento"
3357,Monolith and Trees
3358,View of Orange with Mont Ventoux
3359,View of Tivoli from Santa Maria del Giglio
3360,Convent at Subiaco
3361,Uprooted Tree at Olevano Romano
3362,The Aniene River at Subiaco
3363,"Dusk, Monte Mario, Rome"
3364,"Thorvaldsens Museum, Copenhagen"
3365,Sunset on the Normandy Coast
3366,Ponte Loreto near Nettuno
3367,Interior of a Wood at Pierrefitte
3368,View of Monte Sant'Angelo from the Villa Auriemma near Sorrento
3369,Study of Light in a Vaulted Interior
3370,Deer at the Edge of a Wood
3371,"Escarpment with Tree Stumps, Romsdal"
3372,Blasted Tree
3373,View of Châtenay
3374,"Trees in the Bois de Boulogne, Paris"
3375,Beech Tree
3376,"Terrace of the Capuchin Garden, Sorrento"
3377,View of Ischia from the Sea
3378,Study of the Roots of a Fallen Tree
3379,"The Grotto of Posillipo, Naples"
3380,Oak Tree
3381,The Arch of Constantine Seen from the Colosseum
3382,Landscape
3383,Ischia and the Bay of Naples by Moonlight
3384,City Wall at the Foot of a Mountain
3385,Stormy Sky
3386,Sky at Dusk
3387,Welsh Landscape with a Ruined Castle by a Lake
3388,"The Bridge at La Cava, Kingdom of Naples"
3389,Landscape at Civita Castellana
3390,Mountainous Landscape
3391,"Banks of the Stream near the Corot Property, Ville d'Avray"
3392,"The Roman Theater, Taormina"
3393,"View of the Colosseum, Rome"
3394,"Landscape with the Pyramid of Gaius Cestius, Rome"
3395,The Lamentation
3396,Ovid among the Scythians
3397,View in the Colosseum
3398,"Garden of the Villa Medici, Rome"
3399,Mountain Landscape with Deer at a River
3400,The Gorges at Amalfi
3401,Landscape with Distant Mountains
3402,Ravine at Sorrento
3403,"Mountain Landscape, Valais, Switzerland"
3404,Study of a Tree Limb
3405,The Etruscan Ruin
3406,Path in the Roman Campagna
3407,Heroic Landscape with Rainbow
3408,Lute Player
3409,Christ Carrying the Cross
3410,Landscape with Erminia
3411,Cluster of Trees
3412,Mountain Landscape
3413,Landscape
3414,Shipyard at Le Havre
3415,Mausoleum of San Vito near Pozzuoli
3416,"Landscape with Rocks, Augerville"
3417,"Chestnut Limb, Ischia"
3418,Plane Tree
3419,Mountain Landscape in Italy
3420,View in the Roman Campagna
3421,River Landscape
3422,View in the Rhône Valley
3423,View in the Roman Campagna
3424,Sarnen
3425,Hilly Landscape with Sheep
3426,Rocky Outcrop by a Stream in the Roman Campagna
3427,A Large Oak
3428,Oak Tree in a Mountainous Landscape
3429,"Study of Ruins, Said to Be the Palatine Hill, Rome"
3430,Study of Rushing Water
3431,"Flock of Sheep, Civita Castellana"
3432,Ruins in the Roman Campagna
3433,Vaulted Interior
3434,"View from the Villa Medici, Rome"
3435,Landscape with a Castle on the River Etsch
3436,Landscape near Rome
3437,"The Basilica of Constantine, Rome"
3438,"Schloss Emming, between Windach and Geltendorf, seen from the East"
3439,Clearing at the Edge of a Wood
3440,"Study of Rocks, Shrubs, and Tree Trunks at Monte Casale near Sansepolcro, Tuscany"
3441,A Fountain in Rome
3442,Coastal Landscape with Tower
3443,Corner of a Park
3444,"Jungfrau, Mönch, and Eiger"
3445,"The Basilica of Constantine, Rome"
3446,View from Olevano towards the West
3447,"Entrance to the Giardino del Lago, Villa Borghese, Rome"
3448,Rhine Landscape
3449,The Rhine at Remagen
3450,Mountains and Sky
3451,Cervara
3452,"View on the Aventine Hill, Rome"
3453,A Stream in the Auvergne
3454,View of an Italian City
3455,"Santa Maria del Sasso, near Bibbiena"
3456,"Houses, Rome"
3457,Rome with St. Peter's and Castel Sant'Angelo
3458,Waterfalls at Terni
3459,Waterfalls and Rocks at Terni
3460,Study of Trees and Bushes
3461,View in the Roman Campagna (Colonna?)
3462,View in the Roman Campagna
3463,Tree Foliage
3464,"View in a Broad Valley, Italy"
3465,Landscape at Olevano Romano
3466,The Baptism of Christ
3467,Cloud Study
3468,View at Auvers-sur-Oise
3469,A Village on Ischia (Fontana?)
3470,View of San Vito with Monte Guadagnolo in the Distance
3471,River Landscape with Castle Ruins
3472,"Pope Benedict XIV (Prospero Lambertini, 1675–1758)"
3473,The Saithwaite Family
3474,Bashi-Bazouk
3475,"The Two Central Figures in ""Derby Day"""
3476,The Artist's Sitting Room in Ritterstrasse
3477,German Landscape with View towards a Broad Valley
3478,Spring Morning
3479,Portrait of an Old Man
3480,Head of a Bishop
3481,Window
3482,Saint Dominic in Penitence
3483,The Crucifixion
3484,Head of an Old Woman
3485,Still Life with Flowers and Prickly Pears
3486,"Portrait of a Woman (Marianna Panciatichi, marchesa Paolucci delle Roncole, 1835–1919, or her sister-in-law, Beatrice Ferrari-Corbelli di Reggio, contessa di Lucciano)"
3487,Self-Portrait
3488,Lions in a Mountainous Landscape
3489,The Holy Family with the Infant Saint John the Baptist
3490,Hagar and the Angel
3491,A Female Martyr Saint
3492,The Annunciation
3493,Medea Rejuvenating Aeson
3494,An Egyptian in a Doorway
3495,The Opium Smokers
3496,The Sultan's Tiger
3497,The Serbian Concubine (Un Envoi de Serbie)
3498,Odalisque
3499,Western Gentleman in Oriental Costume
3500,A Cairo Bazaar
3501,"The Great Pyramid, Giza"
3502,Halt of Caravans at the Wells of Saba (Beersheba) in the Desert South of Hebron
3503,Seated Arab Man with Horse
3504,Wedding Procession
3505,The Arab Sage
3506,Study of Palm Trees
3507,A Merchant in Cairo
3508,Study of Two Figures
3509,Moorish Guard
3510,"Sketch for ""Reception of Emperor Napoleon III and Empress Eugénie by the Kabyle Leaders at Algiers on September 18, 1860"""
3511,Arab Warrior
3512,Landscape Study with Clouds
3513,"A Section of the Via Sacra, Rome (The Church of Saints Cosmas and Damian)"
3514,"Virgil's Tomb by Moonlight, with Silius Italicus Declaiming"
3515,"Moonlight, Strandgade 30"
3516,Dead Christ Supported by Angels
3517,View over Hallingdal
3518,"Charles Maurice de Talleyrand Périgord (1754–1838), Prince de Bénévent"
3519,The Tears of Saint Peter
3520,A Cardinal's Procession
3521,"Still Life with Silver and Gold Plate, Shells, and a Sword"
3522,The Agony in the Garden
3523,The Sacrifice of Polyxena
3524,Women Sewing at a Table
3525,Portrait of a Girl with a Rose
3526,Portrait of a Young Man
3527,Seated Musician
3528,Woman Holding Fruit
3529,Man Holding a Bottle and a Cup
3530,Painting of a Dancer
3531,Laila and Majnun
3532,Ribbon Mania
3533,Interrogation
3534,Lady in Elizabethan Costume
3535,String
3536,Cactus Plant in Flower
3537,Rival
3539,Midsummer Night #10
3540,Allah
3541,Portrait of Mah Laqa Bai Chanda
3542,"Eternal War, Second Circle"
3543,"Shattered Mirror, Shattered Music"
3544,"Rustam in the Dead of Winter, 2009"
3545,Rouyesh (Growth)
3546,Ahmad Shah - The Last King of Qajar
3547,Saint Ansanus
3548,Saint Mary Magdalen
3549,Saint Peter
3550,The Adoration of the Magi
3551,The Lamentation over the Dead Christ
3552,The Coronation of the Virgin
3553,"Madonna and Child Enthroned with Saint John the Evangelist, Saint Peter, Saint Agnes, Saint Catherine of Alexandria, Saint Lucy, an Unidentified Female Saint, Saint Paul, and Saint John the Baptist, with Eve and the Serpent; the Annunciation"
3554,Madonna and Child Enthroned with Two Donors
3555,Crucifix
3556,The Annunciation
3557,Saint Anthony the Abbot in the Wilderness
3558,Saint Ambrose
3559,The Creation of the World and the Expulsion from Paradise
3560,Madonna and Child with Saints Jerome and Agnes
3561,Saint Catherine of Siena Beseeching Christ to Resuscitate Her Mother
3562,Saint Catherine of Siena Receiving the Stigmata
3563,The Exultation of Saint Nicholas of Tolentino
3564,Saint John the Evangelist Raises Drusiana
3565,The Annunciation to Zacharias; (verso) The Angel of the Annunciation
3566,Coronation of the Virgin
3567,Madonna and Child
3568,Madonna and Child
3569,Madonna and Child Enthroned with Two Cherubim
3570,"Madonna and Child with Saints Jerome, Bernardino, John the Baptist, and Anthony of Padua and Two Angels"
3571,"Madonna and Child with Saints John the Baptist, Jerome, Peter Martyr, and Bernardino and Four Angels"
3572,Saint Bernardino
3573,Saint Bernardino
3574,Saints Cosmas and Damian and Their Brothers before the Proconsul Lycias
3575,Saints Cosmas and Damian and Their Brothers Saved by an Angel After They Have Been Condemned to Death by Drowning
3576,The Stoning of Saints Cosmas and Damian
3577,Saint Francis
3578,Madonna and Child
3579,Madonna and Child with Saints Francis and Catherine of Siena
3580,Saint Bernardino
3581,Madonna and Child
3582,The Blessed Andrea Gallerani (died 1251)
3583,The Blessed Ambrogio Sansedoni (1220–1286)
3584,Madonna and Child with Saints Mary Magdalen and Sebastian
3585,Madonna and Child Enthroned
3586,The Nativity
3587,The Nativity
3588,The Vision of Saint Catherine of Alexandria
3589,Saint Philip
3590,"A Saint, Possibly James the Greater"
3591,The Crucifixion
3592,Six Angels
3593,The Nativity
3594,The Crucified Christ between the Virgin and Saint John the Evangelist
3595,Saints John the Baptist and Matthew
3596,Male Saint
3597,Saint Bernard of Clairvaux
3598,The Archangel Raphael and Tobias
3599,The Archangel Raphael and Tobias
3600,Madonna and Child with the Young Saint John the Baptist
3601,The Annunciation
3602,The Rape of Lucretia
3603,The Funeral of Lucretia
3604,The Annunciation
3605,Madonna and Child Enthroned with Two Donors
3606,The Flagellation
3607,The Entombment
3608,Madonna and Child
3609,"The Madonna of Humility, the Annunciation, the Nativity, and the Pietà"
3610,Madonna and Child Enthroned
3611,An Apostle
3612,"Portrait of a Woman, Possibly a Nun of San Secondo; (verso) Scene in Grisaille"
3613,Portrait of Alvise Contarini(?); (verso) A Tethered Roebuck
3614,"The Molo, Venice, from the Bacino di San Marco"
3615,"The Bacino, Venice, with the Dogana and a Distant View of the Isola di San Giorgio"
3616,"Piazza San Marco, Venice"
3617,"The Molo, Venice, Looking West"
3618,"View of the Brenta, near Dolo"
3619,"Capriccio with a Circular Tower, Two Houses, and a Bridge"
3620,Capriccio with a Square Tower and Two Houses
3621,"Capriccio with an Island, a Tower, and Houses"
3622,"Portrait of a Man, possibly Matteo di Sebastiano di Bernardino Gozzadini"
3623,"Portrait of a Woman, possibly Ginevra d'Antonio Lupari Gozzadini"
3624,Madonna and Child with Saints Francis and Jerome
3625,Madonna and Child with Saint Catherine of Siena and a Carthusian Donor
3626,The Last Judgment; The Virgin and Child with a Bishop-Saint and Saint Peter Martyr; The Crucifixion; The Glorification of Saint Thomas Aquinas; The Nativity
3627,Santa Francesca Romana Clothed by the Virgin
3628,Santa Francesca Romana Holding the Christ Child
3629,Saints John the Evangelist and Mary Magdalene
3630,The Feast of Herod and the Beheading of the Baptist
3631,Saints Bartholomew and Simon
3632,The Nativity
3633,Saint Anne and the Virgin and Child Enthroned with Angels
3634,"Christ on the Cross with the Virgin, Saint John the Evangelist, Saint Mary Magdalen, and Two Male Saints"
3635,Judith with the Head of Holofernes
3636,A Goldsmith in his Shop
3637,Virgin and Child
3638,Portrait of a Young Man
3639,The Annunciation
3640,Virgin and Child with Saint Anne Presenting Anna van Nieuwenhove
3641,Saint Christopher and the Infant Christ
3642,The Adoration of the Christ Child
3643,The Holy Family
3644,Virgin and Child
3645,Virgin and Child with Saint Joseph
3646,Virgin and Child
3647,Virgin and Child
3648,Two Musicians
3649,Old Age in Search of Youth
3650,Adam and Eve in Paradise
3651,The Lamentation of Christ
3652,Portrait of a Woman
3653,Margaret of Austria
3654,Virgin and Child with a Dragonfly
3655,Portrait of a Man with His Hand on His Chest
3656,Virgin and Child with a Donor Presented by Saint Jerome
3657,Adoration of the Magi
3658,Venus with Cupid the Honey Thief
3659,Nymph of the Spring
3660,Mary of Burgundy
3661,Erasmus of Rotterdam
3662,Portrait of a Man Seated in an Armchair
3663,Portrait of Gerard de Lairesse
3664,Burgomaster Jan van Duren (1613–1687)
3665,Margaretha van Haexbergen (1614–1676)
3666,"A Couple Playing Cards, with a Serving Woman"
3667,Leisure Time in an Elegant Setting
3668,Christ Carrying the Cross
3669,Saint Jerome as Scholar
3670,"María Teresa, Infanta of Spain"
3671,"Condesa de Altamira and Her Daughter, María Agustina"
3672,Portrait of a Military Family
3673,Trees and Houses Near the Jas de Bouffan
3674,Diana and Actaeon (Diana Surprised in Her Bath)
3675,Valley with Fir (Shade on the Mountain)
3676,Pines Along the Shore
3677,Landscape with Ducks
3678,View of Saint-Valéry-sur-Somme
3679,Landscape with Cattle at Limousin
3680,Tahitian Women Bathing
3681,Railroad Bridge over the Marne at Joinville
3682,"The Bouchardon Mill, Crozant"
3683,The Rocky Path in the Morvan (Chemin des roches dans le Morvan)
3684,"Fir Trees in Les Trembleaux, near Marlotte (Sapins aux Trembleaux à Marlotte)"
3685,Aretino in the Studio of Tintoretto
3686,"Joséphine-Éléonore-Marie-Pauline de Galard de Brassac de Béarn (1825–1860), Princesse de Broglie"
3687,Houses on the Achterzaan
3688,"The Harvest, Pontoise (La Récolte, Pontoise)"
3689,Figures on the Beach
3690,Young Girl Bathing
3691,Sea and Cliffs
3692,Two Young Girls at the Piano
3693,Versailles
3694,The Pool (Memory of the Forest of Chambord)
3695,The Pond (La Mare)
3696,The Mower
3697,"Study for ""A Sunday on La Grande Jatte"""
3698,"The Town Beach, Collioure, Opus 165 (Collioure. La Plage de la ville. Opus 165)"
3699,"Evening Calm, Concarneau, Opus 220 (Allegro Maestoso)"
3700,Place de Clichy
3701,Allée of Chestnut Trees
3702,A Pond near Nangis
3703,Madame Roulin and Her Baby
3704,Masqueraders
3705,The Lamentation
3706,William Fraser of Reelig (1784–1835)
3707,Lady Lemon (1747–1823)
3708,Figures and a Dog in a Landscape
3709,Madonna and Child
3710,The Last Supper
3711,Saints Matthias and Thomas
3712,The Adoration of the Magi
3713,Madonna and Child
3714,The Conversion of Saint Paul
3715,Madonna and Child
3716,Before Dinner
3717,House on the Seine near Vernon
3718,Landscape in the South (Le Cannet)
3719,House behind Trees
3720,Le Pont de Passy et la Tour Eiffel
3721,The Palace of Westminster
3722,Anemones on a Flowered Tablecloth
3723,The Old Mushroom Gatherer
3724,Red Flowers and Fruit
3725,Basket of Fruit and Two Vases of Flowers
3726,Woman and Child
3727,Woman Painting in the Open Air
3728,Flowers and Fruit
3729,Girl Painting at an Easel
3730,View of Cagnes
3731,"Le Grand Quai, Fécamp"
3732,House in Winter
3733,La Place de la Bastille
3734,The Green Interior (Figure Seated by a Curtained Window)
3735,"The Port de Bougie, Algiers, in Sunlight"
3736,Sergeant of the Colonial Regiment
3737,Espagnole: Harmonie en bleu (Spanish Woman: Harmony in Blue)
3738,Olive Trees at Collioure
3739,Nude in an Armchair (Nu au fauteuil)
3740,Mythical Landscape (Paysage légendaire)
3742,Woman with a Cat
3743,Woman on the Seashore (Jeune Femme sur les rochers à Anthéor)
3744,Self Portrait
3745,Sails at Chatou
3746,Boats on the Seine at Chatou
3747,Sunlight on Water
3748,The Port of Le Havre
3749,Mme Vuillard in a Set Designer's Studio
3750,Misia at the Piano
3751,"Mme Vuillard Sewing by the Window, rue Truffaut"
3752,The Small Drawing-Room: Mme Hessel at Her Sewing Table
3753,Parisian Street Scene
3754,Madonna and Child
3755,Pietà
3756,Nude in Front of a Mantel
3757,Saint Michael
3758,Saint Nicholas of Bari
3759,Avenue du Bois
3760,Madonna and Child
3761,Madonna and Child with Nine Angels
3762,The Crucifixion
3763,Nude Torso in Sunlight
3764,"Guitar (""Le Pauvre Laboureur"")"
3765,Spanish Dancers
3766,Spanish Woman
3767,Table Setting with Fruit
3768,Bouquet of Roses and Fruit
3769,Renoir and His Model
3770,Les Vendanges (Grape Gathering)
3771,"Landscape with Hills, Fields, and Trees"
3772,The Tease
3773,Still Life with Pears
3774,Maine Seascape
3775,Spanish Dancer
3776,At the Racetrack
3777,Floral Still Life (Nature morte à la Rose)
3778,Still Life with Fruit and Brioche
3779,Rest
3780,Still Life with a Fish and a Bouquet of Flowers
3781,Dead Olive Trees
3782,The Score
3783,Mountains
3784,Hudson River Scene
3785,"Ballet Dancers in the Attic Rotunda, Paris Opéra (Danseuse à l'Oeil-de-boeuf, Opéra de Paris)"
3786,The Secret
3787,Young Woman Dressed in Fur
3788,Prima Ballerina
3789,Bank of Flowers in a Landscape (Massif de fleurs dans un paysage)
3790,Boy with a Sailboat
3791,Ships
3792,"The Hudson River Valley near Hudson, New York"
3793,Dancer with Castanets
3794,Landscape at Barrio Nuevo
3795,Reclining Nude
3796,Coastal View from Barrio Nuevo
3797,"Street along the Canal Saint-Martin, Paris"
3798,The Paddock at Deauville
3799,Spanish Woman with a Fan
3800,Woman with a Bouquet (Femme au bouquet)
3801,Vase with Flowers (Strelitzia)
3802,Portrait of a Young Woman
3803,A House with Flowering Trees along the Amalfi Coast of Italy
3804,"Compote of Peaches and Pears, with Pitchers, on a Table"
3805,Bougainvillea on Capri
3806,Cat and Turtle
3807,Head of a Woman
3808,Still Life with Tureen
3809,The Piebald Horse
3810,"Dajaus Mountain at Barrio Nuevo, Bayamón"
3811,Maine Seascape
3812,Interior for Nikolai Gogol's Play Marriage
3813,Landscape with Rocks
3814,The Lacemaker (after Vermeer)
3815,The Beach at Deauville
3816,Maria
3817,Head of the Virgin after Taddeo di Bartolo
3818,The Bishop of Assisi Giving a Palm to Saint Clare
3819,The Intercession of Christ and the Virgin
3820,The Adoration of the Shepherds
3821,Panel from Saint John Retable
3822,Panel of Saint John the Baptist with Scenes from His Life
3823,Panel with Saint John the Baptist Enthroned from Retable
3824,The Visitation Panel from Saint John Retable
3825,"Predella pane with Saint Bridget, Saint Christopher, and Saint Kilian from Retable"
3826,"Predella panel with Saint Martial, Saint Sebastian, and Saint Mary Magdalen from Retable"
3827,Panel with the Birth of St. John the Baptist from Retable
3828,Panel with The Crucifixion from Retable
3829,Panel with the Angel Appearing to Zacharias (from a Retable depicting Saint John the Baptist and scenes from his life)
3830,Saint Anne with the Virgin and Child
3831,Saint Michael
3832,Scenes from the Life of Saint Augustine of Hippo
3833,The Crucifixion
3834,The Lamentation
3835,Man of Sorrows
3836,Wall Painting of Male Saint
3837,Wall Painting of a Male Saint
3838,Self-Portrait
3839,Up the Hudson
3840,October Seas
3841,Morning Light
3842,"Nocturne, Temple d'Amour"
3843,"The Conquerors (Culebra Cut, Panama Canal)"
3844,Self-Portrait
3845,"Winter, Monhegan Island"
3846,In the Deep Woods
3847,Pillars
3848,Self-Portrait
3849,"Rue Ravignan, Paris"
3850,Large Sunflowers
3851,Waldron Williams
3852,Mrs. Waldron Williams
3853,Faun with Stars
3854,Cheops Sun-Box Number 2
3855,Kool-Aid
3856,Shtetl
3857,Arras
3858,Vertical and Diagonal Planes
3859,Interior
3860,No. 16
3861,Accent Black
3862,Hills of the Mediterranean
3863,Fallada
3864,Kaminari
3865,Marrakech
3866,Ocean Park (Number 30)
3867,Mount Fuji and Flowers
3868,T 1965 - E - 33
3869,Woman Reading
3870,The Model
3871,Sergei Esenin as a Youth
3872,Female Nude (Clipping Nails)
3873,Village Festival
3874,Landscape with Boys
3875,Red-Blue
3876,Interior No. 6
3877,Close-Up III
3878,Homage to the Square: Frontal Backing
3881,Indicating Solids
3882,Variant: Six Greens
3883,"Variant: 2 Whites, 2 Yellows, 2 Greens"
3884,Homage to the Square: Dilated
3885,Homage to the Square: Soft Spoken
3886,Homage to the Square: On Near Sky
3887,Never Before
3888,Dance
3889,Portrait of Truman Capote
3891,Puerto Rican Landscape
3892,Fan Tan
3894,Number 23
3895,Half Hot
3896,Faded Poppy
3897,A Place To Watch
3898,"Ox Team, Wharf at Matinicus"
3899,"The Fish Bowl (Study for ""Phenomena"")"
3900,Via Median
3901,Auk
3902,Cherokee III
3903,Delta Group II
3904,Portrait of Lucien Gilbert
3905,Frame Extension
3906,The Station
3907,Yellow Collage
3908,"E, 1963"
3909,Cool Note
3911,Woman
3912,White Rooster
3913,David
3915,The Lobsterman (The Doryman)
3916,Rhapsody
3917,Rappahanock IV
3918,Blue Dominants
3919,Copper Kettle
3920,Green Venus
3921,Center at Waterbury
3922,Large Blue Horizontal
3923,Homage to Ryder
3924,Two Race Horses Walking Down Past the Post
3925,Pansies
3926,Girl with a Cat
3927,The Seine at Vernon
3928,Vase of Flowers
3929,Mercury Zone III
3930,Sunrise on South Main Street
3931,Electric Treasure
3932,Crest of Pillar
3933,Blue Nude
3934,White Abstraction
3935,The Kittiwake and The John Walton
3936,Firey Searcher
3937,Abstract Painting - Grey
3938,Latitude of Identical Shapes
3940,Parnassus
3943,Mao
3944,Alison Series: One November Day
3945,Marriage Stone
3946,La Clef des Songes
3947,Mother of Night-11
3948,Figure on a Tightrope
3949,The Acrobat
3950,Afternoon Television
3952,Magic Box
3953,Mornington Crescent
3954,"Union Square, Looking up Park Avenue"
3955,"Study for ""Playground"""
3956,Autumnal Landscape
3957,Woman with Mimosa
3958,Lester Leaps
3959,Alex Katz
3960,Elaine de Kooning
3961,Ancient City
3962,Clothesline
3963,Erebos Pradella II
3964,Melons
3965,Figure
3966,Berkshire Winter
3969,"""That Which Is Delicious"""
3970,Lilies
3971,Coarse Shadow
3972,Black and Brown Blouse
3973,Monumentality
3974,Primulas on a Table
3975,The Mirror (Circus Dressing Room)
3976,Mrs. Atkinson
3977,Luncheon
3978,The Birches
3979,To A Water Lily
3980,Greensleeves
3981,Ideal Figurative Group
3982,Autumn River
3983,Leah's Renoir
3984,Philip Pearlstein
3985,Study for Philip Pearlstein
3986,Mother and Child
3987,Near Hebron
3988,Spring in Central Park (recto); Three Figures (verso)
3989,Central Panel Doors from ICONOSTASIS
3991,Genesis - Dedicated to Noah Goldowsky
3992,The Great Sirens
3993,Guitar and Still Life on a Guéridon
3994,Tempest
3995,Diana
3996,House above the Beach
3997,Flowers
3998,The Artist's Parents
3999,Head (Hiding Face)
4000,"Composition, No.V"
4001,Purple and Gray Braiding
4002,Macarena of Miracles
4003,Renoir's Garden in Montmartre
4004,The Rue Orchampt in Montmartre
4005,Rhythm of Flowers
4006,"Apples from Dorset, Vermont"
4008,Kimiko Powers
4009,On Deck
4011,The Path of the Grey Falcon of the Dawn
4012,Pigeon Walking in a Park
4013,Tree in Shadows
4014,The Artist in his Studio
4015,New Yorker Faces Iran Spy Trial
4016,Stepping Out
4017,Split
4018,According to Keitur Falls
4020,Gaby
4021,"Rembrandt - ""Night Watch"""
4022,An American Painting - For Rose Paul
4023,Expressman
4024,King of Clubs
4025,Vista at the Edge of the Sea
4026,Winter-Summer Reds
4027,King's Cookham Rise
4028,Lights IV: The Pier and the Road
4029,The Coffee Pot
4030,Heart On
4031,Arch
4032,Quartet
4033,Allegory
4034,Lady Sarah Chester-Beatty at Baroda House
4035,Aerial Spectacle
4036,The Flatiron Building
4037,Memory of Closeness
4038,H.H.H.
4039,Henry Pearson
4040,Men and Machine
4041,Henry Geldzahler
4042,Disco
4043,Norman Loftis
4044,Flight II
4045,Solitary
4046,Lamp and Weeds
4047,Harpo
4048,Woman with Flowers in her Hair
4049,Weather Vanes
4050,Number 10 Angelized
4052,The River
4053,Standing Nude and Seated Musketeer
4054,Barticaflats Even Time
4055,Cauliflower and Pumpkin
4056,Tink Tonk
4057,Edison Mazda
4058,Composition
4059,"Hampton Bays, Long Island"
4060,Southampton Fields
4061,For Tony's Jane
4062,II - 29 (N) No. 1
4063,Bali - The North Shore
4064,Self-Portrait - Night
4065,Standing Figure
4066,Newspaper Readers
4067,"Roofs, Paris"
4068,"Blue Roofs, Paris"
4069,Hands
4070,"Luxembourg Gardens, Indian Summer"
4071,"Water Street, Newburgh"
4072,"Hank Perkins' Fish House, Maine"
4073,Attic
4074,"Fishing Boats, Collioure"
4075,Little River Farm
4076,Pasiphaë
4077,"""Is There Anything to be Frightened of Miss Alice?"" ""Always."""
4078,The Mime
4080,Partial Nude Resting on Green Drapery
4081,Dr. Scholl's Corns
4082,"Passage, Opening with Cypress Forms III"
4083,Shanghai Gestures
4084,Cat
4085,Beatrice Stein Steegmuller
4086,Landscape with Islands and Sky
4087,The Mountain
4088,Lady of the Lake
4089,Holy Mountain IV
4090,Sleepers
4091,Family Supper
4092,Victorian Interior I
4093,Chairs
4094,Self-Portrait II
4095,"Presence, Ramapo Horizon"
4096,House of Fire
4097,Berlin Gothic
4098,Route of the Black Diamond
4099,"Seventh Avenue and 16th Street, New York"
4100,Verifying Dissonant Statistics
4101,The Dining Table
4102,Thursday
4103,Raspberries and Goldfish
4104,Cultures Oceania VII
4105,Pink Cave
4107,Cambridge Corn
4108,Mrs. Ambrose Chambers
4109,La Robe de Maman
4110,Capsized
4111,Tehilim
4112,Rising Green
4113,Francis Henry Taylor
4114,Children's Games
4115,Fire and Rain
4116,Ethereal and Earthbound
4117,Dancing in Colombia
4118,Remembrance of an Afternoon on the Way
4119,Pennsylvania
4120,The Ascension
4121,The Bartender at Rest
4122,Bern Series
4123,The Big Wetland I
4124,Two Attentions
4126,Rooftops of Paris
4127,Seashell and Map
4128,Women at a Table
4129,Break Out
4130,Lucie Desnos
4131,The Street
4132,"White Rectangles, Number 3"
4133,Man and Woman Stopping to Look at the View
4134,Mango
4135,White Flower
4136,Head in Red
4137,Vermillion Banner
4138,Relational Painting Number 64
4139,Fay's Kitchen
4140,"The Wheel, St. Catherine"
4141,"William Morales, Patron of Prison Breaks"
4142,Different Situations I
4143,Urutaú
4144,Mao
4145,Mao
4146,Prairie
4147,From Portal to Paradise
4148,Self-Portrait
4149,New York Street Scene
4150,Williamsburg
4151,The Modern Story of Life:  A Civics Diatribe
4152,Threshold and Shield
4153,Crossing Move
4154,Attorney Street (Handball Court with Autobiographical Poem by Piñero)
4155,Points of Release
4156,The Long Cypress
4157,The Letter
4158,St. Bartolomeo II
4159,View of the Museum of Cluny
4160,Chance Encounter at 3 A.M.
4161,Merengue en Boca Chica
4162,Hell (Union Square)
4163,Painting
4164,Wild Dogs
4165,Garage Dog
4166,Summer Music
4167,Portrait of Jake (Stagger Lee Series #3)
4168,Brazilian Landscape
4169,Daily News
4170,Flag of Hudson Avenue No.2
4171,Ladder
4172,Landscape: Land of the American Indian
4173,Redgreen and Violet-Yellow Rhythms
4174,Oriental Pleasure Garden
4175,May Picture
4176,Small Portrait of a Girl in Yellow
4177,Collection of Figurines
4178,Variations (Progressive Motif)
4180,Monuments at G.
4181,Clarification
4182,The Rhine at Duisburg
4183,Little Hope
4184,Rider in the Midnight Sky
4186,Thursday
4187,Study for Evelina's Grandmother (Curtsey)
4188,Self-Portrait
4189,Television 2
4190,"View of The Old Port, Saint-Tropez"
4191,Nude
4192,Self-Portrait as a Photographer
4193,The Visit
4194,The Amazon
4195,Vence
4196,Reclining Figure
4197,"Nasturtiums with the Painting ""Dance"" I"
4198,The Promenade
4199,"Landscape, Nice"
4200,The Goldfish Bowl
4201,"Village Scene, Grasse"
4202,"Landscape, Kragerø"
4203,The Foolish Virgins
4204,Erotic Scene (La Douceur)
4205,Mother and Child by a Fountain
4206,Reclining Nude (Thin Adeline)
4207,At Table
4208,The Dressing Room
4209,Morning in the Garden at Vernonnet
4210,Woman Carrying a Basket of Fruit
4211,"The Marketplace, Vitebsk"
4212,Willows and Farm Buildings
4213,Sound
4214,Landscape: Camiers
4216,St. Martin de Porres
4217,And You Got His Grace Right?
4218,Steeplechase
4219,Il Grifo
4220,Young Louis
4221,José de Creeft
4222,Blonde Hair
4223,Hinterland
4224,Zot
4225,Two Standing Men
4226,The Glazier
4227,Woman
4230,Three Bowery Figures
4231,IRT Elevated Station at Broadway and 125th Street
4233,Year of the Ox
4234,The Nature of Inquisitive Persistence
4235,Weight and Light
4236,Craggy Rocks in Castellane
4237,Wedding
4238,Dora and Sol Wilson
4239,The Studio
4240,Still Life with Decoy
4243,Molloy
4244,In the City III
4245,Pot Bellied Stove
4246,The Dance of Latin America
4247,Big Table with Pomegranates
4249,Flowers
4250,St. Christopher
4251,Overhead View
4253,Number 28 (Still Life)
4254,Indian Composition
4255,Blank Dots
4256,Man of Faith
4257,Still Life with Two Figures
4258,Pacific Coast
4260,No. 21
4261,"No. 13 (White, Red on Yellow)"
4262,Distant Prospect
4263,Sitting Nude and Reflected Painter (Self-Portrait)
4264,Dream of a Golem
4265,"The Life and Times of Sally Hemmings, Part II"
4266,Without Liberty
4267,Bread and Bricks
4268,Janet
4270,Anxious Hookers
4271,Big Oval
4272,Hill of the Cross
4273,Desert
4274,Second Winter
4275,Assipattle Sailed into the Gaping Mouth
4276,Stigmatic III
4277,Suitcase with Glove
4278,The Eye's Mind/The Mind's Eye
4279,Johanna
4280,Serre
4281,Stockton (From the American Decoy Series)
4282,Reclining Nude After Goya's Maja
4284,Gazelle
4285,Mood Indigo
4286,Number 14
4288,Woman with Arms Crossed
4289,Reconstruction No. 113
4291,Maine Coast
4292,(Twice) Disarmed
4293,Gingko
4295,Kolumbus I
4296,Grand Slam
4297,John Ford on His Deathbed
4298,Lida Moser
4300,"The Heart, South of Naples"
4302,The Pearl Necklace
4303,Nijinsky
4304,Studio Corner
4305,Blue Panel II
4306,Iatric
4307,Four Bathers
4309,Afternoon Still Life
4320,ACCIDENT July 15 1985
4321,Composition No. 1
4322,Blanket
4323,Front
4324,Concordia
4325,Lace
4326,The Conservatory
4327,Three Women by a Garden
4328,Thérèse
4329,First Study for Fiumicino Car Park
4330,Taxi Cab III
4331,Knowledge of the Past Is the Key to the Future: Some Afterthoughts on Discovery
4333,My Wife
4334,Hills III
4335,Café
4336,Painting on the Kitchen Table
4337,Degeneration
4338,As a Table
4339,Self-Portrait with Books
4340,In the Heart of the Seer
4341,Egg Fountain
4342,Friendships Road - Crucifixion
4343,Lucas I
4344,In The House Yard
4345,Dawn
4346,Wild Dog
4347,Path of the Hero
4348,Male Nude
4349,Number 232
4350,Stricken City
4351,The World's Great Theater
4352,Susan at Black Lake
4353,Night
4354,The Intruder
4355,Just Love
4356,Elenka
4357,Grey Line with Lavender and Yellow
4358,"Grey Tree, Lake George"
4359,East River from the Shelton Hotel
4360,Red and Yellow Cliffs
4361,Wheat with Poppies and Cornflowers
4362,Number 34
4363,Landscape
4364,Male and Female Models Sitting on the Floor
4365,Susanna and the Elder
4366,Landscape of the Sky
4367,Number 4818
4368,Still Life with Puppet
4369,Madonna
4370,Titania
4371,Sunflowers
4372,Leslie
4373,The Homely Protestant
4374,Female Model on Eames Stool
4375,Self-Portrait
4376,Number 7
4377,Selini
4378,The Screeching Gannett
4379,Lee Krasner
4380,Lee Krasner
4381,Self-Portrait
4382,North Carolina
4383,Hanuman Monkeys
4384,Man and Challenge
4385,The Innocent Eye Test
4386,"Study for  ""The Assault"""
4387,Goldfish/Long Hall
4388,Interior (Ocean Liner)
4389,Out of Doors
4390,Self-Portrait (The Mirror)
4391,Book of Hours: 1890
4392,Haines City
4393,Regatta No. 6
4395,Triptych
4396,Dangerous Walls
4397,Study for Luxembourg Scene
4398,Study for Luxembourg Scene
4399,Study for Luxembourg Scene
4400,Wild Life
4401,"View of San Francisco, Number 2"
4402,Rehearsal
4403,Tung Dynast
4404,Houses on a Barge
4405,Purple and Silver
4406,Archetypal Painting for A.G.
4407,Once
4408,Night Wonder
4409,Walker Evans
4410,Samson (Bairds Carryout)
4411,Car Racks
4412,Spring Southbank
4413,Coast (Columbus)
4414,Winter Southbank
4415,Sweets
4416,Heretic Healers
4417,The Virtues
4418,Communicant
4419,Achilles and Hector at the Wall: Death and Glory
4420,"Heifers, Pawlet, Vermont"
4421,The Acts of Desmond Tutu
4422,"""It is the roots of who I am that remains - suppression notwithstanding"""
4423,Beulahland (For Marilyn Monroe)
4424,Love's Tide
4427,New York Number
4428,Running In
4429,Sea Smoke
4430,Juliette de Saint Cyr
4432,Speedboat's Wake
4433,"Large Interior, Los Angeles"
4434,Tingari Cycle Dreaming at Paratjakutti
4435,Sunflower
4436,Porthleven
4437,The Last Parade
4438,Umbra Urbana
4439,Lonely Journey
4440,Standing Nude
4441,The Madhouse of God
4443,American Gothic
4444,Men's Dormitory
4445,"Portrait of Chaim, Number 1"
4446,The Disappointment
4447,Copse
4448,Helene Embroidering at the Window
4449,Plato's Veil
4450,Friends
4451,The Visitation
4452,Self-Portrait with Disaster and the Earth Trembles in its Center!
4453,The Reverse of Venus 5
4454,Head of a Woman
4455,Nominations III
4456,Artist at Rest
4457,Virginia Woolf
4458,Street Story Quilt
4459,Invocation
4460,Ghosts and Obsessions
4461,Portrait of Helen
4462,Three Judges
4463,Homage to Paul Valery
4464,Self-Portrait
4465,Self-Portrait
4466,Tree of Signs
4467,"Painting, Number 5"
4469,Profound Longing
4470,Self-Portrait
4471,The Street Pavers
4472,Mark with Poster
4473,By the Sea II
4474,SSO
4475,Man with Goat
4476,Blue Blanket
4477,Burning Box
4478,Gold Earrings
4479,Sleeping Family
4480,Per non Dimenticare
4481,The White Fruit Bowl
4483,The Way Out
4484,"""La Vie en Rose"""
4485,There is a River
4486,Memories
4487,The Accident
4488,Still Life with Partridge and Corn
4489,The Willow Tree and the Cow
4490,Rock and River
4491,Villandry II
4492,Still Life with a Clock
4493,Homage to the Square: Frontal-Forward
4494,Fall in Provincetown
4495,A Curve in the Road
4496,"Blue Mountain, New Mexico"
4497,"Desert Mountain, New Mexico"
4498,Shimmer Bright
4499,Portrait of a Woman
4500,Stamford Gas Works
4501,Model Undressing
4502,"Noon: Blaze Line, Number 1"
4503,"The Door, Number 1"
4504,Pier 5
4506,Looking Out
4507,Patriot
4508,We Are Not The Last
4509,Beckmann Catalogue
4510,Falling Leaves
4511,Reflections
4512,"New Orleans, Number 10"
4513,Incident on 42nd Street
4514,Artillery
4516,Composition
4517,Second Theme
4518,Windmill with Summerhouse II
4519,Summer 1965
4520,Heraldic Call
4521,Blindman's Buff
4523,NY 914 1988
4524,Holiday Celebration
4526,Terrifying Terrain
4527,Composition with Five Nudes
4528,Self-Portrait (Matisse Print)
4529,Diner
4530,"The Businessman Max Roesberg, Dresden"
4531,Passing By
4532,A Prairie Vista
4533,Jane Bouché
4534,Yo Taplitz
4535,American Landscape
4536,Lust and Delight
4537,Report from Rockport
4538,Arboretum by Flashbulb
4539,"Mount Katahdin, Autumn, No. 2"
4540,Albert Pinkham Ryder
4541,The Inn
4542,Hasidic Dance
4543,Americana
4544,Stanislas Rodanski
4545,Vortex at Dawn: Collapsed
4546,Landscape with Rocks I
4547,Lysterfield Landscape
4548,Cottlesbridge Landscape
4549,"Winjana Gorge, Kimberleys, I"
4550,Stationary Figure
4551,"Air: 24 Hours, One A.M."
4552,"Air: 24 Hours, Five A.M."
4553,Galisteo Creek
4554,First Fruits
4555,Climb
4556,Walk with Me
4557,Circle in the Square
4558,Josep Fondevila
4559,The Church of St. Vincent de Paul
4561,At the Lapin Agile
4562,Portrait of Otis Spann
4563,"Wolf, Western Series, American Predella #5"
4564,Reclining Girl (recto); Cuban Scene (verso)
4565,Entranced
4567,"Tenth Street, Number 5"
4568,Elegy Number 9 (After MH's Iron Cross)
4569,Elegy Number 12 (After MH's Iron Cross)
4570,Elegy Number 21 (After MH's Iron Cross)
4571,Elegy Number 24 (After MH's Iron Cross)
4572,Forget-Me-Nots
4573,Penny Candy Vendors
4574,Magritteing of Minds
4575,Police Poles
4576,A Big Apple
4577,Hyacinths
4578,"""Quincaillerie"""
4579,Autumn on 11th Street
4580,Hearth
4581,Pink Bouquet
4582,Rue de la Tombe-Issoire
4583,April
4584,Harvest of Women
4585,Landscape in Provence
4586,Faces #10
4587,Faces #53
4588,"The Serenade for the Doll after Claude Debussy, Gift Wrapped Doll #16"
4589,"The Serenade for the Doll after Claude Debussy, Gift Wrapped Doll #23"
4590,Transit
4591,Genesis/Violent Garden
4592,The Studio (Vase before a Window)
4593,Flowers by the Sea
4594,Pea Point from South Meadow
4595,Jerry on a Stool
4596,Don Schrader
4597,Arthur Bullowa
4598,Arthur Bullowa
4599,Lizzie at the Table
4600,Wild Apples
4601,Maine Landscape
4602,The Trumpet Vine
4603,Calm Morning
4604,The Cove
4605,The Windows
4606,View in a Haze
4607,Interior
4608,Barcelona Fan
4609,Sapphire Skin
4610,Interior
4611,Textural Space
4612,Two Circles
4614,Frank O'Brian
4616,Landscape with Knives
4617,Drifting
4618,Inner Edge
4620,"Air: 24 Hours, Five P.M."
4621,"Naked Man, Back View"
4622,Lohengrin
4623,The Seven Deadly Sins: Lust
4624,The Seven Deadly Sins: Pride
4625,The Seven Deadly Sins: Sloth
4626,The Seven Deadly Sins: Anger
4627,The Seven Deadly Sins: Envy
4628,The Seven Deadly Sins: Avarice
4629,The Seven Deadly Sins: Gluttony
4630,The Eighth Sin: Jealousy
4631,Moïse Kisling
4632,Girl with a Kitten
4633,Dancer with Two Clowns
4634,Woman in Red Blouse
4635,Night Portrait with Blue Easel
4636,View of Wall Street
4638,UG
4640,"Two Palettes (Sears, Roebuck; Francis Picabia)"
4641,Succulents on an African Stool
4642,Self-Portrait
4643,The Hunter
4644,Mountain and Sky
4645,Fishboat
4646,Crimson and Green Leaves
4647,Arthur Bullowa
4648,Our Terrace
4649,Something about Something
4650,The Red Tablecloth
4651,Torso of a Man
4653,Self-Portrait
4654,Studio Interior
4655,When did we go to Morocco?
4656,Woman with a Cat
4657,Interior Street
4658,Girl by a Window
4659,Bob Hale's Death
4660,Jared French
4661,The Lute Player
4662,Woman Grinding Coffee
4663,Residues
4664,Eros
4665,A Pond in the Woods
4666,Moroccan Sunflowers
4667,"Universalist Church, Provincetown"
4668,Nocturne (The General Motors Building at Columbus Circle)
4669,The Flesh Eaters
4670,Elizabeth
4671,"Young Kafka, a Dalai Lama"
4672,China
4673,Harpies
4674,Hail
4675,Natural Being I
4677,Hand
4678,Vision
4680,Seated Nude
4681,Vase of Flowers
4682,Model B
4683,"Self-Portrait, Number 1"
4684,Summertime
4685,Diva
4686,"Study Number 5 for ""Recollection of the Flood"""
4687,"Symphony No. 1, The Transcendental"
4688,Brim
4689,Reading at a Table
4690,Ariadne
4691,Guitar and Still Life on a Mantelpiece
4692,Woman Seated at an Easel
4693,"The Studio, III"
4694,Violin and Playing Cards on a Table
4695,"Apartment Houses, Paris"
4696,"Mandolin, Fruit Bowl, and Plaster Arm"
4697,Guitar and Clarinet on a Mantelpiece
4698,Nude Standing by the Sea
4699,Bust of a Man
4700,Dutch Interior (III)
4701,Flower Vendor
4702,Man at the Fountain
4703,Little Cherry
4704,Legends of Distant Past Days
4705,Deep Within the Ravine
4706,Renate's Nantucket
4707,Self-Portrait
4708,Hilaire Hiler at the Piano
4709,Are there Ghosts in my House?
4710,"Jefferson Market, New York"
4711,Nocturne
4712,On Tropical Thoughts
4714,Still Life with Shells
4716,Still Life with Rayfish
4717,The Bicyclist
4718,Candlestick and Playing Cards on a Table
4719,View of Cagnes
4720,Woman Asleep at a Table
4721,The Dreamer
4722,Harlequin
4723,Pipe Rack and Still Life on a Table
4724,Woman in an Armchair
4725,Pierre Mac Orlan
4726,Reclining Nude
4727,Seminole Everglades
4728,Storm Prelude
4729,From a Paris Window
4730,Double Turn
4731,Paris Series: Petit Palais
4732,Self-Portrait with Eyes Closed
4733,Sleeping Boy
4734,Portrait of my Mother
4735,Odalisque with Gray Trousers
4736,Ryder's Room
4737,"Gansevoort, Number 1"
4738,Nude with Tattoo
4739,Death of Patroklos
4740,Grey Tangent
4741,"Study for ""Wisconsin Landscape"""
4742,Self-Portrait
4743,Böhmen liegt am Meer (Bohemia Lies by the Sea)
4744,Ruth Bowman
4745,Light Source Direction
4746,Reece's Meadow
4747,Earth Script
4748,Dora Maar in an Armchair
4749,White Flag
4750,Dikran G. Kelekian
4751,The Checkered Tablecloth
4752,View from a Balcony
4753,Anemones in a Rusted Can
4754,Self-Portrait
4755,Green Shutters
4756,The Beach (A Praia)
4757,Reflection Line Method
4758,The Doll and the Monster
4759,The Boston Athenaeum
4760,Hills of Vermont
4761,"Peirce Nichols House, Salem"
4762,"Church of the Spirito Santo, Ronda"
4763,Landscape with Figures
4764,Old Spanish Woman
4765,Polly
4766,Victims of the Fiesta
4767,The Honorable Joseph Hodges Choate
4768,The Fitting Room
4769,Tables for Ladies
4770,Nita Reading
4771,"Backyards, Brooklyn"
4772,The Bowery
4773,Hills
4774,Speakeasy
4775,Spring Shower (Western Kansas Landscape)
4776,Still Life with Curtain
4777,My Son Sandy
4778,Girl in White Blouse
4779,"Cotton Pickers, Georgia"
4780,The Homestead
4781,"Deep Lake, Canada"
4782,November Evening
4783,"Black Hollyhock, Blue Larkspur"
4784,Beach at High Tide
4785,"Taos Valley, New Mexico"
4786,Pears with Pewter
4787,The Celadon Vase
4788,Cape Ann
4789,Two Girls
4790,"Bali, Bazaar with Coconut Palms"
4791,The Creepers
4792,Haircut by the Sea
4793,Jane and Tuffy
4794,Catastrophe
4795,From Williamsburg Bridge
4796,Straggly Pines
4797,Janitor's Holiday
4798,The Letter (Marguerite Zorach)
4799,Cuban Nude
4800,Villa La Mouette
4801,The Painter
4802,Early Spring
4803,Last of the Wild Horses
4804,End of the Hunt
4805,"Back Street, Ibiza"
4806,September Still Life
4807,"Notre Dame, Paris"
4808,Morning Glory
4809,Lost Lady
4810,J. Pierpont Morgan
4811,Arrival
4812,Shrimp Scow on Barnegat Bay
4813,Shells and Things
4814,Still Life with Walnuts
4815,Homeless
4816,The Palm Tree
4817,Mexican Boy
4818,"Baseball Game, Long Island"
4819,Unemployable
4820,"Taxco, Dry Season"
4821,Market Place
4822,The Old New York Post Office
4823,The Blizzard
4824,The Tightrope
4825,"Cleave St., Rockport"
4826,Monday Morning
4827,Padre
4828,Girl at Sewing Machine
4829,Portrait of Ellen
4830,Wisconsin Landscape
4831,South of Scranton
4832,String Quartette
4833,Ten Cents A Ride
4834,Gelmeroda
4835,The Black Horse
4836,Lobster Fishermen
4837,Reflections on a Shop Window
4838,The Night
4839,Prescience
4840,Kalamazoo in Winter
4841,Back Street
4842,Midtown Manhattan
4843,Waterfront Mill
4844,Dressing Room
4845,July Hay
4846,Muse of the Western World
4847,The Ambassador of Good Will
4848,Burial
4849,National Defense
4850,The Harbor
4851,Basin Street
4852,"""One Third of a Nation"""
4853,Carey's Backyard
4854,Horse and Buggy
4855,Docks on Sunday
4857,"Incident in the Parade, St. Patrick's Day"
4858,The Bull Ring
4859,Green Depth
4860,Woodyard by the Sea
4861,Deportation
4862,White Roses
4863,"An Early Settler's Homestead, New Zealand"
4864,"Farms on Melrose Road, Auckland, New Zealand"
4865,The Bed of a New Zealand Gorge
4866,In Hampton Bays
4867,William Church Osborn
4868,"Off Cape Split, Maine"
4869,Cocktails
4870,Gertrude Stein
4871,Pelvis II
4872,"Main Street, Brewster"
4873,The Little Black Bull Came Down the Meadow
4874,Interior with Paintings and a Pheasant
4875,Sleeping Girl
4876,Beautification
4877,Two Nudes
4878,Nude
4879,Water
4880,Movement
4881,Pigeons on a Roof
4882,Paris
4883,Thunderstorm II
4884,I Saw the Figure 5 in Gold
4885,Julia Wainwright Robbins
4886,Improvisation 27 (Garden of Love II)
4887,Woman Ironing
4888,Circus Horses
4889,Sea and Gulls
4890,Dancer = Propeller = Sea
4891,Portrait of Ralph Dusenberry
4892,Goat
4893,Reaching Waves
4894,Shore Road
4895,Clouds and Water
4896,"The Dark Mountain, No. 2"
4897,Portrait of a German Officer
4898,"Movement No. 5, Provincetown Houses"
4899,The Virgin of Guadalupe
4901,"Landscape, New Mexico"
4902,"The Dark Mountain, No. 1"
4903,Landscape No. 25
4904,"Cemetery, New Mexico"
4906,The Café Terrace
4907,Aeroplane Synchromy in Yellow-Orange
4908,Banquet in Silence
4909,Hand Sewing Machine
4910,The Midnight Ride of Paul Revere
4911,The Blind Man's Meal
4912,"Corn, Dark , No. 1"
4913,Dragon
4914,Apples from Maine
4915,Acrobat in Red and Green
4916,Girl in White and Silver
4917,Interwoven Thread
4918,Her World
4919,Droll Gambit at Coney
4920,Moonlight over Myrtle
4921,Erie Underpass
4922,Pastorale
4923,Performers
4924,"Clam Diggers, Provincetown"
4925,Woman Cutting Bread
4926,Gabriel
4927,Two Ventilators
4928,Echo
4929,The Whirlwind
4930,Plumage
4931,A Crow Flew By
4932,Exit
4933,Decorative panels for a room (1-27); small model of room assembled (28)
4934,Death of a Miner
4935,Sailor's Holiday
4936,John Brown
4937,Gilding the Acrobats
4938,Fleeting Time Thou Hast Left Me Old
4939,The Winding Path
4940,The Survivors
4941,Painting
4942,"Road to Lamy, New Mexico"
4943,The Window
4944,Puppet and Child
4945,Self-Portrait
4946,Swimmers and Sunbathers
4947,Monhegan Theme
4948,Table with Figs and Lemons
4949,Town Meeting
4950,Parallel Forms II
4951,The Actor
4952,Isotope
4953,Garden at Vaucresson
4954,"Cow's Skull: Red, White, and Blue"
4955,Ducks
4956,T
4957,Yellow Sweater
4958,La Coiffure
4959,Woman in White
4960,Carpet Bag Days
4961,Almost Silence
4962,Homage to the Square: Young
4963,Homage to the Square: Precinct
4964,Music Hidden in the Shrubbery
4965,Office in a Small City
4966,Caught in the Equinox
4967,The Cathedrals of Art
4968,The Cathedrals of Wall Street
4969,The Cathedrals of Broadway
4970,The Cathedrals of Fifth Avenue
4972,What of It?
4973,Semé
4974,"Number 31, Vermillion Machine"
4975,Number 11
4976,La Danse II
4977,The Thorn
4978,Rochelle at the Window
4979,Green Sea
4980,The Antiquarian
4981,The Flag
4982,Athens
4983,Artist and Model
4984,The Blue Chair
4985,Five Cows
4986,Portrait of Mina
4987,"Which Was, and Is, and Is to Come"
4988,Recolección Café
4989,Autumn Color
4991,Male Cat
4992,Battle
4993,Mrs. Chester Dale
4994,"The Red Vine, Matinicus Island, Maine"
4995,The Rainbow
4996,Harbor Island
4997,Four Figures in a Bistro
4998,The Table
4999,Seabirds
5000,Still Life with Fish
5001,Ruin at Daphne
5002,Shooting Stars
5003,Daybreak
5004,Self-Portrait with Waroquy
5005,Tomorrow is Never
5006,Night Watch
5007,In Memoriam
5008,Crucifixion (Corpus Hypercubus)
5009,Muezzin
5010,Magister
5011,Adagio
5012,Cow Dust Hour
5013,The Mirage of Time
5014,The Flying Box
5015,The Overturned Dory
5016,Tuscan Town
5017,Golden Gate
5018,Living Time
5019,Arrow
5020,Jeanne Hébuterne
5021,The Sitter
5022,"Beyond Mountains, Number 1"
5023,Percolator
5024,The City
5025,Port of Call
5026,Showcase
5027,The Battle
5028,Water of the Flowery Mill
5029,Easter Monday
5030,Mobile
5031,Twilight
5032,Medicine Show
5033,The Italian Woman
5034,The Lightning that Struck Rufo Barcliff
5035,Portrait of a Woman
5036,Accordion
5037,Clown with a Black Wig
5038,Government Bureau
5039,Acropolis
5040,Hugo Kastor
5041,Edward Joseph Gallagher III
5042,Ainlee
5043,Head
5044,Dressing
5045,Industrial Facade
5046,Jean with Blue Book and Apple
5047,The Gold Screen - George Basso at the Organ
5048,Letters
5049,September Morn
5050,Autumn Rhythm (Number 30)
5051,"Homer's Lake, No. 2"
5052,The Room
5053,Conflict
5054,Victorian Interior II
5055,Gulliver (Portrait of the Artist)
5056,Gabrielle Soëne
5057,George May
5058,Mountains of Calatayud
5059,Homage to the Square:  With Rays
5060,Arcana
5061,Two Figures
5062,Thrust
5063,"Black, White, and Gray"
5064,Fairfield Osborn
5065,Black Place II
5066,"From the Faraway, Nearby"
5067,Table by a Window
5068,Girl in a Sailor's Blouse
5069,Seated Harlequin
5070,Self-Portrait
5071,Canadian Soldier
5072,The Mountaineer
5073,Castle of Euryalus
5074,Sean O'Casey
5075,Ranchos Church
5076,Objects on a Table
5077,Seated Odalisque
5078,Portrait of a Woman
5079,Portrait of a Woman
5080,The Church
5081,Clam Shell
5082,Georges de Miré
5083,Children in the Tree
5084,The Lighthouse at Two Lights
5085,Mr. and Mrs. Chester Dale Dine Out
5086,Broken Objects
5087,The Kiss of Judas
5088,"Near Abiquiu, New Mexico"
5089,Berlin Street
5090,Veluti in Speculum
5091,The Green Blouse
5092,Coney Island
5093,Second Theme
5094,Blue Green Red
5095,Third Avenue El
5096,Basket Bouquet
5097,Samuel Knopf
5098,Flower Market
5099,Alva B. Gimbel
5100,Landscape
5101,Group of Trees
5102,"Little Falls, New Jersey"
5103,Street Scene in Bermuda
5104,Pitcher and Dishes
5105,Young Girl
5106,White Canadian Barn II
5107,Elegy to the Spanish Republic No. 70
5108,The Family of Claude Terrasse
5109,The Native Quarter
5110,War Memories
5111,Mona Lisa
5113,Red and Brown Scene
5114,"The Pont Neuf, Paris"
5115,From the Balcony
5116,Kiesler and Wife
5117,Figures in the Forest
5118,The Hostages
5119,Athletic Contest
5120,Corner Bedroom
5121,Model Dressing
5122,Grapes
5123,Man with Horse
5124,Still Life with Fish
5125,Apples
5126,Portrait of Madeleine Castaing
5127,The Windmill at Sannois
5128,"Domrémy, the Birthplace of Joan of Arc"
5129,Lilacs and Peonies
5130,Joy of Life
5131,"Flowering Peach Trees, Provence"
5132,"Landscape at Saint-Jeannet, Provence"
5133,The Port of Honfleur at Night
5134,Still Life with Flowers
5135,Interior
5136,Julie Hudson
5137,Tennis at Newport
5138,Steers at Play
5139,Courtyard III
5140,Seated Model
5141,Two Girls
5142,Bowery Nocturne
5143,Still Life with Apples and Glass of Water
5144,The Masons
5145,Vaudeville Act (Quappi)
5146,The Beginning
5147,Horses
5149,Rita van Leer
5150,Miss France
5151,The Lighthouse at Honfleur
5152,Model in the Artist's Studio
5153,"Dusk at La Baie des Anges, Nice"
5154,Comical Repast (Banquet of the Starved)
5155,Boy in Blue
5156,Woman Sewing
5158,Reclining Odalisque
5159,Nono Lebasque
5160,Lola de Valence
5161,Juan Gris
5162,Head of a Woman
5163,Alpha-Pi
5164,Grape Wine
5165,The Terrace at Vernonnet
5167,Concord
5168,Celia
5169,River Bed Polyphony
5170,William Zorach
5171,Seated Figure
5173,Allen Tanner
5174,Elsa in a Mexican Hat
5175,Red Painting
5176,Spectrum V
5177,Relation 201
5178,Victory of Anghiari
5179,Homage to the Square: Green Promise
5180,Homage to the Square: Enfolding
5181,Stride
5182,Beth Chet
5183,Open No. 19: In Cerulean Blue with Charcoal Line
5184,Open No. 37: In Orange with Charcoal Line
5185,Black Iris
5186,Black Abstraction
5188,Duncan Grant in front of a Mirror
5189,Jean Paulhan
5190,Christ and the Apostles
5191,Three Studies for a Self-Portrait
5192,Still Life with a Guitar
5193,The Billiard Table
5194,A Garden Chair
5195,Prelude to a Civilization
5196,The Lovers
5197,The Jewish Angel
5198,"Regent Street, London"
5199,View of Paris with Furtive Pedestrians
5200,The Barbarians
5201,Thérèse Dreaming
5202,Annette
5203,Still Life with a Guitar
5204,One Who Understands
5205,Girl at a Window
5206,The Bargeman
5207,Mechanical Elements
5208,"Divers, Blue and Black"
5209,Still Life with Vegetables
5210,Young Sailor II
5211,View of Collioure
5212,"Laurette in a Green Robe, Black Background"
5213,"Odalisque, Harmony in Red"
5214,"Street Scene, Place Clichy"
5215,Seated Nude Holding a Flower
5216,"Vines and Olive Trees, Tarragona"
5217,Animated Landscape
5218,Potato
5220,Women and Bird in the Night
5221,After the Bath
5222,"Women, Birds, and a Star"
5223,Boy in a Striped Sweater
5224,Composition
5225,Woman in Profile
5226,Self-Portrait
5227,Still Life with a Bottle of Rum
5228,"The Dining Room, Vernonnet"
5229,Still Life with Mandolin and Galette
5230,Dying Bull
5231,Man with a Lollipop
5232,Woman and Musketeer
5233,The Manager and a Circus Girl
5234,Basket of Bananas
5235,The Satin Tuning Fork
5236,"My Life, White and Black"
5237,From Green to White
5238,André Derain
5239,The Seine at Chatou
5240,Conversation
5241,The Accommodations of Desire
5242,Head of a Woman
5243,Poppies in a Vase
5244,Still Life with Banderillas
5245,Juan Legua
5246,Delirious Hem
5247,Harlequin with a Guitar
5248,East River
5250,Season V
5251,Harbour
5252,Before and After I
5253,Skull
5254,Ethel Scull 36 Times
5255,Lincolnville Beach
5256,Cyclamen
5257,The Album
5258,"Jos and Lucie Hessel in the Small Salon, Rue de Rivoli"
5259,"Torso, Navel, Mustache-Flower"
5262,Storm Clouds
5263,Gala Éluard
5264,Rijo
5265,Take Off
5266,Landscape
5267,Painting
5268,Mecca
5269,Bread
5270,Figure
5271,Nijinsky
5273,The Blue Platter
5275,The Builders
5276,The Lady's Flowers
5278,Pungent Distances
5279,The Witnesses
5280,Circus Horse
5281,Elegy to the Spanish Republic No. 35
5282,Self-Portrait
5283,October
5284,Purple Mekle Lippis
5285,"Number 28, 1950"
5287,"Portrait of Berdie, Number II"
5288,No. 3
5290,Athene
5291,Number One
5293,Dikran G. Kelekian
5294,Obsession II
5295,Harbour Master
5296,Kitzker
5297,Woman in a Rocker
5298,Vase of Flowers
5299,"Café des Tribunaux, Dieppe"
5300,"Maple Street, London"
5301,The Antique Shop
5302,Nude in an Armchair
5303,Horse
5304,Red on Cream
5305,David Smith
5306,Springtime
5307,The Children's Meal
5308,East River
5309,Small Golden Corner
5310,The Cemetary II
5311,Waiter II
5312,Melusine del Gufo
5313,"Farm House, Sanary-sur-Mer"
5314,Helen Boyer
5315,m
5317,Versions IV
5318,Life Cycle II
5319,The Mathematician
5320,Little Rainbow
5321,Abstract
5322,Mystery
5323,View Across the Thames from St. Thomas
5324,Nest
5325,Circus Equestrienne
5326,The Mole
5327,"The Oxbow: After Church, After Cole, Flooded (Flooded River for the Matriarchs E. & A. Mongan), Green Light"
5328,The Trickster
5329,Tadasana
5330,Self-Portrait
5331,Good as Gold
5332,Claude Terrasse
5333,Reclining Nude - Pink Stripe
5334,S. Klein
5335,"The Sunken Path, L'Estaque"
5336,Paul
5337,Nine Jackies
5338,Gabel Mukaber Village Sketch
5339,Dikran Kelekian
5340,Dikran Kelekian
5341,Self-Portrait at the Age of Nine
5342,"Study for Mural at Boys and Girls High School, Bedford-Stuyvesant, Brooklyn"
5343,Fence: Westport
5344,Still Life with a Diabolo
5345,Delphinium
5346,Dual Self-Portrait
5347,Self-Portrait
5348,A Widow
5349,Still Life with an Apple
5350,Lilacs
5351,Photo: This Is the Color of My Dreams
5352,Title Unknown
5353,Pierre Matisse
5354,Bride with Fan
5355,Small Train Station at Night
5356,The Black Feather Boa
5357,Mother-of-Pearl Garden
5358,The Eternally Obvious
5359,"Chapel of Saint Joseph, Saint-Tropez"
5360,Marguerite with Black Velvet Ribbon
5361,Marguerite Wearing a Hat
5362,Tana SVP
5363,Garden
5364,Boats on the Beach at L'Estaque
5365,Initiatory Site
5366,Blue Painting
5367,Mike
5368,Being With (Être Avec)
5369,Between the Lines
5370,"We crossed the River at McKonkey's Ferry 9 miles above Trenton ... the night was excessively severe ... which the men bore without the least murmur...-Tench Tilghman, 27 December 1776/Struggle Series - No. 10: Washington Crossing the Delaware"
5371,Ha-Ko-Da-Te
5372,The Domes of the East
5373,Self-Portrait (red background)
5374,Street in Helgoland II
5375,"Copy after Chardin's ""Pipes and Drinking Pitcher"""
5378,Dreamreader's Table IV
5379,Portrait of Stephen Mazoh
5380,Portrait of Stephen Mazoh
5381,Milan Hollow Farm
5382,Forty Blues of Norman Mann
5383,Moonlightist
5384,The Cotton Club From Under the Viaduct at Riverside Drive and St. Clair Place
5385,Lovers among Lilacs
5386,Cow with a Parasol
5387,Coin and Musical Instruments
5388,Self-Portrait
5390,Winter Pool
5391,Meditation
5392,Statement
5393,Head I
5394,Lelia Caetani
5395,Coney Island Wings I
5397,Cut Ground
5398,Wall of Light White
5399,Kaaterskill Falls for Frank Moore and Dan Hodermarsky (Mass MoCA #11)
5400,August Encampment
5401,Plate of Peaches
5402,Adler im Fenster
5403,Derain and Poiret
5404,Swans in Central Park
5405,Aziluth
5406,Meeting (The Three Graces)
5407,Seated Model
5408,Interior of Studio
5409,The Kite
5410,"Wallowa Mountains Memory, Variation"
5411,The Three O'Clock Sitting
5412,Green Room
5413,Woman Standing Beside a Balustrade with a Poodle
5414,Star
5415,Whisper
5416,Rosamond and John
5417,Outburst
5418,Guano-Menhir
5419,Man
5420,"Sixteen Waterfalls of Dreams, Memories, and Sentiment"
5421,Still Life with White Wine and Water
5422,"Fair of Face, Full of Woe"
5423,Necessity 7
5424,Stormy Sunset on the East Coast
5425,Rush Hour
5426,Blue Balls V
5427,"Henry Geldzahler, 1964"
5428,Portrait of Hilda
5429,Still
5430,Diagnosis
5431,Hypochondriac
5432,"Cortona, Italy"
5433,P 93-1 Italian Landscape/Cortona
5436,Night Journey
5437,Exact and Diminishing
5442,Accordingly
5443,Self-Portrait Sitting on a Striped Chaise Lounge
5444,Autocide
5445,Jailbreak
5446,Lot 010907 (7wl)
5447,"Vow, (Jammer)"
5448,Bande de Sureté / Twin City / Nipples (Cardboard)
5449,Woman in a Chemise in an Armchair
5450,"Bottle, Glass, and Newspaper"
5451,The Man at the Café
5452,"Exposed Painting Charcoal Black, Yellow Violet Oxide"
5453,"Composition (Study for ""Nude Model in the Studio"")"
5454,Seated Nude
5455,Morgenthau Plan
5456,The Village
5457,Acoustics of Violins
5458,Portrait of Monsieur Aublet
5461,Rat Tat Tat
5462,Everhard Jabach (1618–1695) and His Family
5463,Stage Beauties
5464,Potted Pansies
5465,"History of Anatolian Folk Music, 2000–2001"
5467,The Entombment of Christ
5468,Red Roses Sonata
5469,Morning Becomes Elektra
5471,Boat and Oar
5472,Relief
5473,Rituals
5475,P. D.
5476,"Placement:  West Wall, Room 9, Metropolitan Museum of Art, N.Y.C."
5477,Rosewood
5478,Pink Elephant
5479,Face of a Poet
5480,"A Painting Called January 23 and April 15, 1986"
5481,"Flowers, Fish and Females for the Four Seasons"
5482,Procession
5483,Ithaca
5484,The Prisoner Song
5485,Book of Hours: Winter
5486,Breeze
5487,Yellow Man
5488,"Prescience, Foresight"
5489,Midwest Apartment
5490,You Know I Am Aware
5491,The Red Goat
5492,Garance
5493,"McDonald's, Number 1"
5494,Above (for Steven Schmidt)
5496,Petunias and Salvia
5497,Vision from Oklahoma
5498,Transplant
5499,"""Dutch"" Still Life with Orchids, Postcard View of Paris, and ""Death of Marat"""
5500,Morning in the Cleveland Flats
5501,Hakuryo
5503,Landscape of the Earth
5504,Can't
5505,"Study for ""Danaë"""
5506,Dutch Daybreak
5507,Requiem
5508,Ausburg
5509,Jeff Kleckner at Work
5510,Watching Television
5511,City Crowd–Cop and Ear
5512,Lud
5514,Greek Garden
5515,Sator Arepo Tenet Opera Rotas
5517,Furs
5518,Night Rider
5520,The Good Fortune
5521,Kevin Kearney
5522,The Greatest Show on Earth
5523,Fair Hills
5524,Clem's No. I
5525,Hooton's Lightning (The Child Wills the Accident to Happen so the Rescue May Begin)
5527,A Conspiracy of Objects
5528,Runway
5529,"Prototype, Number 1"
5530,Coral Coast
5531,Cardinal
5532,Mysuseter III
5533,In the Studio
5535,My Father's Sketch Pad
5536,Once
5537,Marathon
5538,Black Valhalla
5539,The Sacred Garden of Adam
5541,Visitation
5542,Air Crash
5543,Ocean Cinders
5544,The Quick and the Dead
5545,"Tree Painting, Number 1"
5546,Village
5547,Lausanne
5548,The Dream of the Shepherd (Der Traum des Hirten)
5549,Kobo
5550,The Baptism of Christ
5551,The Return of the Holy Family from Egypt
5552,The Virgin of El Camino with St. Fermín and St. Saturnino
5553,The Apparition of the Virgin of El Pilar to St. James
5554,The Virgin of Guadalupe with the Four Apparitions
5555,Wound #18
5557,"Exodus Painting, five elements from a painted hanging depicting the Crossing of the Red Sea"
5558,The Furniture Factory
5559,Dick Bagley
5561,Study for 'City Activities with Dance Hall'
5562,Study for 'City Activities with Subway'
5563,Study for 'Instruments of Power' & 'Deep South'
5565,Head of Christ
5566,Christ Healing the Blindman
5567,Portrait of a Woman
5568,The Old Actress
5570,Wilderness Landscape Study
5571,Still Life with Checked Tablecloth
5573,Saint Francis in Ecstasy
5574,Summer Night
5575,"Portrait of a Woman, Age 33"
5576,Crack Between the Floorboards
5577,Bashi-Bazouk
5578,The Crucifixion
5579,Whirlirama
5581,"Out of the Darkness, the Lord Gave Us Light"
5582,Victory in Iraq
5583,The End of November: The Birds That Didn't Learn How to Fly
5584,Shadows of the Field
5585,Powder Plant
5586,Pony
5587,Hobo # Birdman
5588,The Keys
5589,Atlanta's Missing Children
5592,Bill Traylor People
5594,Locked Up Their Minds
5595,Ocean
5596,William Edward Dighton (1822–1853) in Middle Eastern Dress
5597,Marrapinti
5598,Karntakurlangu Jukurrpa
5599,Martuwarra (The Artist's Mother's Country)
5600,Mountain Devil Lizard Dreaming-Sand-Hill Country (after Hailstorm)
5601,Sandhills in Atnangkere Country
5602,Bush Hen Dreaming - Bush Leaves
5603,Jimbala
5604,Buyku
5605,The Lamentation
5606,Pipes
5608,The Execution of Saint John the Baptist
5609,Landscape with Philosopher
5610,Parede com Incisões à la Fontana—Horizontal [Wall with Incisions à la Fontana—Horizontal]
5611,Outside Coming In
5612,The Sacrifice of Iphigenia
5613,Plum blossoms
5615,Two Models with Bent Wire Chair and Kilim Rug
5617,The Death of Cleopatra
5619,Chrysanthemums in the Garden at Petit-Gennevilliers
5620,The Card Players
5621,Mountain God with Tiger and Attendants
5622,Let My People Go
5634,Mao
5636,Tiger in Repose
5637,Elysium
5638,Guano (Menhir)
5639,Guano (Palisade)
5640,Hortensia
5641,Fish Market
5642,The Sense of Sight
5643,"""Tehuacan"" Mexican landscape"
5644,Atmospheric landscape at sunset
5645,Tacsonia
5646,White Tulips
5647,Boys Fishing
5648,Woman at a Balcony
5649,Newport
5652,The Lamentation
5655,Sphere
5656,Portrait of Shamloo
5657,Ada
5658,Red Coat
5661,Purple Wind
5662,Tree 
5663,Saint Francis of Assisi
5665,"The Trees, Early Afternoon, France"
5666,Sunset at Etretat
5667,Bust of a Man (Saint Matthias?)
5668,View of Rome with Ruined Church
5669,Cloud Study in the Late Afternoon
5670,"View of the Basilica of Constantine, Rome"
5671,An Arcade in the Colosseum
5672,Moonlit View of the River Elbe at Dresden
5673,View of Notre Dame de Versailles from the plaine de Rocquencourt towards the South
5674,Sky Study (Sunset)
5675,Clouds Heavy with Rain above Flyvesandsbakkerne and Lake Arresø
5676,"Temple of Venus, Rome"
5677,View of Cervara
5678,"The Nymphaeum of Egeria, Valle della Caffarella, near Rome"
5679,Megalopolis
5680,"Souvenir card with sail boat and row boat scene from the Miniature Paintings on Convex Tin series (PX108), issued by Zubelda Cigarettes"
5681,"Souvenir card with sail boat scene from the Miniature Paintings on Convex Tin series (PX108), issued by Zubelda Cigarettes"
5682,"Dance in a Subterranean Roundhouse at Clear Lake, California"
5686,Self-Portrait at Spurveskjul
5687,Bottle of Marc Vieux
5691,Emma Van Name
5692,I Am Baghdad V
5693,Christ and the Woman of Samaria
5694,Alphabet No. 2
5696,Stretchers
5697,Lincoln Kirstein
5698,Self Portrait
5699,Gray and Brass
5700,"Grape Vines and Fruit, with Three Wagtails"
5701,Moonlight
5702,Unfolding Landscape
5707,Vietnamese Head
5711,The Marriage of the Virgin
5718,Barkcloth Painting
5719,Duck Walk
5720,Gigantomachy II
5721,Equilibrium
5723,Finger x 2
5724,Cord Painting 15
5725,Spring
5726,Henry in the Hamptons
5727,Flowers
5728,The Age of the Desert
5729,"The Liar, the copy of the Liar - 1"
5730,The Monastery of San Benedetto above the Aniene River at Subiaco
5731,A Portrait of a Statesman
5732,Hester Bayard
5733,John Van Cortland
5734,Hor. #4 1/2
5735,Smashed Strokes Hope
5736,Studio Table with Figure I
5737,Machine
5739,Flying Dutchman
5740,The Virgin of Carmen and the Souls of Purgatory with St. Joseph and the Prophet Elijah
5741,n/eighty nine
5744,Woman Playing a Guitar
5745,New York #2
5746,Ellen Maurice (1578–1626)
5747,Ferman
5748,Nasty Weather
5749,Inferno
5750,The Alpine Retreat
5751,Self-Portrait
5752,A Reconnaissance
5753,Fly the Wild
5754,Young Man Not Afraid to Talk to His Mother-in-Law
5756,The Couple
5757,The Astrologer
5758,Abstract Signs and Temple Frieze
5759,The Temple
5760,Spring Veils
5761,Summer Game
5762,"The Water Towers of Marfil, Mexico"
5763,The Deluge V
5766,Flowers
5767,Flowers
5769,YAZD III
5770,Ladies and Gentlemen
5771,Jughead
5772,Carlo Rimbotti (1518–1591)
5773,Saint Bonaventure and Saint Anthony of Padua
5774,Saint Christopher
5775,Emblem of Folly
5780,"Christ Carrying the Cross, called ""The Lord of the Fall"""
5781,The Soul of the Virgin Mary
5783,Young Wife: First Stew
5784,How Do You Sleep At Night?
5785,Prince Holding a Falcon
5786,The Wood Sawyer
5787,The Adoration of the Shepherds
5788,Pope Clement X (1590–1676)
5789,"Andrea Motley Crabtree, the first"
5790,The Crucifixion
5791,The Story of the Queen of Sheba
5793,The Late Follower
5794,Roman Head
5795,Les porteuses d'eau
5796,Wanjina
5797,"The Hall of Antiquities at Charlottenborg Palace, Copenhagen"
5798,Imaginary View with a Tomb by the Lagoon
5799,Young Woman with Her Hand over Her Mouth
5800,A Bedroom in Bernstorff Palace near Copenhagen
5801,A Deerhound
5802,Dying Stag
5803,Salome with the Head of John the Baptist
5804,Head of a Woman (Woman)
5805,Robert W. de Forest
5806,Necklacing
5808,Alakzat IV (Formation IV)
5809,Pirate Jenny
5810,Carousel State
5811,Titan's Goblet at the Approach of the Third Millennium
5812,Schloss Milkel in Moonlight
5813,Wildflowers with Photograph
5814,Design for Lilypond Table
5815,The Mantelpiece
5816,Man's head – Portrait I
5817,Night in Pisa (La nuit de Pise)
5818,"Interior view of the Hoentschel Collection at 58 Boulevard Flandrin, Paris"
5819,Two Trees
5820,"Hayne Hudjihini, Eagle of Delight"
5821,Pes-Ke-Le-Cha-Co
5823,Column Structure VIII
5825,Portrait of a Lady
5826,"An Ear of Mud, An Ear of Paste"
5827,Madonna and Child with the Infant Saint John the Baptist
5828,Allegory of Sacred and Profane Love
5829,Still Life of Grapes and Peaches
5831,Flowers in a Grotesque Vase
5832,Fruit and Flowers
5833,Judgment of Paris
5834,Roman Landscape with a Shepherd and Sheep
5835,Basket of Fruit
5836,The Flight into Egypt
5837,Charity
5838,Sky – Northern Cuba
5839,"Ingo, San Martin, Cuba"
5840,Cain Slaying Abel
5841,Iberic
5843,Composition 14
5844,Composition
5849,Portrait of a Boy
5850,Seated Female Nude
5851,Battle of Karbala
5852,"Entrance to Lincoln Tunnel, Night-Time"
5853,Helena de Kay Gilder
5854,Muhammad 'Ali Shah Qajar
5855,Prose on the Trans-Siberian Railway and of the Little Jehanne of France by Blaise Cendrars
5859,Lightning and the Rock
5860,Garak I
5861,Ganyu (Stars)
5864,Bush Plum Dreaming
5869,Ancestral Women at Yunala
5870,Original Announcement for Prose on the Trans-Siberian Railway and of the Little Jehanne of France by Blaise Cendrars
5871,Original Wrapper for Prose on the Trans-Siberian Railway and of the Little Jehanne of France by Blaise Cendrars
5872,Matisse Landscape Pot
5874,"The Cross, the Church, and the Butterfly"
5875,The Temptation of Saint Mary Magdalen
5876,An Old Man with a Dog
5877,From Persian Miniatures to Stan Brakhage
5878,A Workman
5881,The Elevated
5882,The Laundry Yard
5883,Joshua
5884,Portrait of a Prince (Possibly Mohammad Mirza)
5885,Pink Roses
5886,Rainbow and Waterfall
5887,Lake Superior
5890,Flower Study
5891,Study of Water and Plants
5892,Gudvangen
5893,The Net Mender (Garnbinderen)
5895,Behind Your Eyes
5896,In the Palm of Dawn
5897,Ode to the Valley of Wonderment
5898,"Portrait of Prophet Muhammad, Imam 'Ali and His Sons and His Closest Companions"
5899,Red Mitts
5900,The Summit of the Cliff (Western NC)
5901,Portrait of God (from the Mutant Kings series)
5902,Working Man from Dresden - Portrait of M.G.B
5903,Portrait of K.L. Rinn
5904,Portrait of H.M. Werner
5905,Fifties Portrait - M.W.
5906,Da. Portrait (Franz Dahlem)
5907,Portrait of Elke I
5908,Wall Painting of the Virgin and Child with Donors
5909,Girl in Red Hat with Dog
5910,Joanna de Silva
5911,Landscape with Figures III
5912,The Return of Persephone
5913,Study for the Ceiling of the Marquand Music Room
5914,Study of a Nude Man
5915,Girl in a Red Dress
5916,Contour of Loss
5917,Jugs
5919,Summer Woodlands
5921,Picquigny
5923,Badge with the Virgin of the Immaculate Conception
5925,Vision of Oh Kho Wah
5926,The Bather
5927,Cool Topics
